Workbook

Sheet 개요
A1: KOMIS 희소금속(Ta·Nb·In·Ga·Hf·Re) 국내 수입현황 2020~2026
A3: 추출일 | B3: 2026-10-22
A4: 출처 1 (국내) | B4: KOMIS 핵심광물지도 > 대한민국 https://www.komis.or.kr/Komis/MnrlMap/Korea (자료출처: 관세청 수출입통계, 공공데이터포털)
A5: 출처 2 (글로벌) | B5: KOMIS 핵심광물지도 > 글로벌 https://www.komis.or.kr/Komis/MnrlMap/Nation (자료출처: UN Comtrade)
A6: 대상 광종 | B6: 탄탈륨(Ta, MNRL0026), 니오븀(Nb, MNRL0007), 인듐(In, MNRL0025), 갈륨(Ga, MNRL0024), 하프늄(Hf, MNRL0040), 레늄(Re, MNRL0042)
A7: 대상 기간 | B7: 2020년~2026년 (연도별). 관세청 데이터의 2026년은 1~9월 누계(KOMIS 기준연도 목록상 2026년 9월까지 집계). 월별 데이터는 2020.01~2026.09.
A8: 단위 | B8: 원자료는 금액 USD, 중량 kg (KOMIS 화면의 천USD·톤 표시는 /1000 환산). 본 파일은 USD·kg 원자료 열과 천USD·톤 수식 열을 함께 제공.
A9: 비중(점유율) | B9: 관세청 시트: 해당 광종·연도 총수입금액(중량) 대비 수식(SUMIFS). UN 시트: KOMIS가 제공한 비중(%) 값을 그대로 수록(소수 → 백분율 서식).
A11: 시트 구성
A12: 요약 | B12: 광종×연도별 총수입금액·중량, 전년비, 수출, 수입국 수, 상위 3개 수입국과 금액비중 (전부 수식, '관세청_연도별_국가' 참조)
A13: 요약_매트릭스 | B13: 광종(행)×연도(열) 매트릭스: 수입금액, 수입중량, 수출금액, 수출중량, 전년비
A14: 관세청_연도별_국가 | B14: [핵심] 광종·연도·국가별 수입/수출 금액·중량, 비중(수식). 모든 수입국 전체(TOP30 제한 없음)
A15: 관세청_연도별_총계(API) | B15: KOMIS '수입규모 추이' 차트 API가 돌려준 연도별 총계 (요약 시트 SUMIFS와 교차검증용, 값 일치 확인)
A16: 관세청_HS코드별_국가 / _총계 | B16: 관세청 HS 10자리 코드별(광석·괴·가루·스크랩·기타 등) 국가별 수입/수출 및 연도별 총계 매트릭스
A17: 관세청_생산품유형별_국가 / _총계 | B17: KOMIS 물질흐름 분류(기초원료/기초금속/가공금속/스크랩)별 국가별 수입/수출 및 연도별 총계
A18: 관세청_월별_국가 / _총계 | B18: 2020.01~2026.09 월별 국가별 수입/수출, 광종별 월별 총계 매트릭스
A19: 관세청_전년대비증가TOP5 | B19: KOMIS '전년대비 교역증가 TOP5' API 결과 (최근 5개년 2021~2025 수입금액, 2025년 증가율). 조회연도와 무관하게 동일값 반환됨
A20: UN_수출국→한국_연도별 | B20: UN Comtrade 기준 한국 수입(수출국별) 금액·중량·비중 (2020~2024, 2025 이후 미집계)
A21: UN_HS6별_수출국→한국 | B21: UN HS 6자리별 수출국→한국 수입 현황
A22: UN_수출국별_추이(한국수입) | B22: 수출국별 연도별 한국향 수출액 추이 (KOMIS 차트 API)
A23: UN_한국→수입국_연도별(수출) | B23: UN Comtrade 기준 한국의 수출(수입국별)
... A27: 코드표 | B27: 광종코드, 관세청 HS10 코드, UN HS6 코드, 생산품 유형, 국가코드
A29: 주의사항
A30: 1 | B30: 관세청(10자리 HS) 데이터는 금속별로 정확히 구분되나, UN Comtrade(6자리 HS)는 811292/811299가 갈륨·게르마늄·인듐·니오븀·바나듐 공용, 261590이 니오븀·탄탈륨·바나듐 광석 공용이므로 UN 시트의 인듐·갈륨 수치는 동일하게 집계되고 니오븀도 타 금속이 섞여 있음. 금속별 분석은 관세청 시트를 사용할 것.
A31: 2 | B31: 관세청 데이터와 UN Comtrade 데이터는 집계 기준(신고국, 환율, 시점)이 달라 소폭 차이가 있음 (예: 탄탈륨 2024 중국 38,126,993 vs 38,155,370 USD).
A32: 3 | B32: KOMIS 글로벌(UN) 데이터는 2025년·2026년이 아직 집계되지 않아 해당 연도 행은 비어 있음.
A33: 4 | B33: '관세청_전년대비증가TOP5'는 KOMIS 화면에서 숨겨진 API로, 검색연도를 바꿔도 최근 5개년 고정값이 반환됨(API 특성).
A34: 5 | B34: 수식 셀은 회색 배경. 원자료 셀은 흰색 배경. 비중은 소수(0.4134)로 저장되고 % 서식으로 표시됨.
A35: 6 | B35: 하프늄·레늄은 2020~2021년 데이터가 관세청·UN 모두 없음(0). HS 2022 개정으로 신설된 전용 코드(8112.31/39, 8112.41/49)만 KOMIS에 매핑되어 있고, 2021년 이전에는 8112.92/99 '기타'에 포함되어 분리 집계가 불가능함.
A36: 7 | B36: UN 글로벌 시트의 2025~2026년 값은 일부 보고국만 반영된 부분 집계이며 한국은 미반영. 국가별 추이 비교는 2024년까지만 유효.
A37: 8 | B37: 원자료(JSON)는 KOMIS 화면이 호출하는 내부 AJAX API(getListKoreaData, getLineChartDataKorea, getTop5TableDataKorea, getListMapKoreaData, getListDataNation, getBarChartDataNation, getListMapNationData)를 그대로 호출해 수집함. 화면의 TOP30 제한 없이 전체 국가를 수록.

Sheet 관세청_연도별_국가
A1: 출처: KOMIS 핵심광물지도-대한민국 (관세청 수출입통계). 금액 USD, 중량 kg 원자료. 천USD/톤/비중 열은 수식. 2026년은 1~9월 누계.
A2: 키 | B2: 광종코드 | C2: 광종 | D2: 원소 | E2: 연도 | F2: 순위(금액) | G2: 국가코드 | H2: 국가명 | I2: 국가명(영문) | J2: 수입금액(USD) | K2: 수입금액(천USD) | L2: 수입중량(kg) | M2: 수입중량(톤) | N2: 수입금액 비중 | O2: 수입중량 비중 | P2: 수출금액(USD) | Q2: 수출금액(천USD) | R2: 수출중량(kg) | S2: 수출중량(톤) | T2: 수출금액 비중 | U2: 수출중량 비중 | V2: KOMIS 총수입금액(USD) | W2: KOMIS 총수입중량(kg) | X2: KOMIS 총수출금액(USD) | Y2: KOMIS 총수출중량(kg) | Z2: 순위(중량) | AA2: 중량키
A3: Ta|2020|1 | B3: MNRL0026 | C3: 탄탈륨 | D3: Ta | E3: 2020 | F3: 1 | G3: US | H3: 미국 | I3: United States of America | J3: 38048316 | K3: =J3/1000 -> 38048.316 | L3: 53903 | M3: =L3/1000 -> 53.903 | N3: =IF(SUMIFS($J$3:$J$20000,$D$3:$D$20000,$D3,$E$3:$E$20000,$E3)=0,0,J3/SUMIFS($J$3:$J$20000,$D$3:$D$20000,$D3,$E$3:$E$20000,$E3)) -> 0.52239586 | O3: =IF(SUMIFS($L$3:$L$20000,$D$3:$D$20000,$D3,$E$3:$E$20000,$E3)=0,0,L3/SUMIFS($L$3:$L$20000,$D$3:$D$20000,$D3,$E$3:$E$20000,$E3)) -> 0.40707009 | P3: 4216993 | Q3: =P3/1000 -> 4216.993 | R3: 45310 | S3: =R3/1000 -> 45.31 | T3: =IF(SUMIFS($P$3:$P$20000,$D$3:$D$20000,$D3,$E$3:$E$20000,$E3)=0,0,P3/SUMIFS($P$3:$P$20000,$D$3:$D$20000,$D3,$E$3:$E$20000,$E3)) -> 0.23504004 | U3: =IF(SUMIFS($R$3:$R$20000,$D$3:$D$20000,$D3,$E$3:$E$20000,$E3)=0,0,R3/SUMIFS($R$3:$R$20000,$D$3:$D$20000,$D3,$E$3:$E$20000,$E3)) -> 0.29529073 | V3: 72834260 | W3: 132417 | X3: 17941594 | Y3: 153442 | Z3: 1 | AA3: Ta|2020|W|1
A4: Ta|2020|2 | B4: MNRL0026 | C4: 탄탈륨 | D4: Ta | E4: 2020 | F4: 2 | G4: JP | H4: 일본 | I4: Japan | J4: 20169356 | K4: =J4/1000 -> 20169.356 | L4: 38809 | M4: =L4/1000 -> 38.809 | N4: =IF(SUMIFS($J$3:$J$20000,$D$3:$D$20000,$D4,$E$3:$E$20000,$E4)=0,0,J4/SUMIFS($J$3:$J$20000,$D$3:$D$20000,$D4,$E$3:$E$20000,$E4)) -> 0.27692127 | O4: =IF(SUMIFS($L$3:$L$20000,$D$3:$D$20000,$D4,$E$3:$E$20000,$E4)=0,0,L4/SUMIFS($L$3:$L$20000,$D$3:$D$20000,$D4,$E$3:$E$20000,$E4)) -> 0.2930817 | P4: 817068 | Q4: =P4/1000 -> 817.068 | R4: 28706 | S4: =R4/1000 -> 28.706 | T4: =IF(SUMIFS($P$3:$P$20000,$D$3:$D$20000,$D4,$E$3:$E$20000,$E4)=0,0,P4/SUMIFS($P$3:$P$20000,$D$3:$D$20000,$D4,$E$3:$E$20000,$E4)) -> 0.045540435 | U4: =IF(SUMIFS($R$3:$R$20000,$D$3:$D$20000,$D4,$E$3:$E$20000,$E4)=0,0,R4/SUMIFS($R$3:$R$20000,$D$3:$D$20000,$D4,$E$3:$E$20000,$E4)) -> 0.18708046 | V4: 72834260 | W4: 132417 | X4: 17941594 | Y4: 153442 | Z4: 2 | AA4: Ta|2020|W|2
A5: Ta|2020|3 | B5: MNRL0026 | C5: 탄탈륨 | D5: Ta | E5: 2020 | F5: 3 | G5: CN | H5: 중국 | I5: China | J5: 13754848 | K5: =J5/1000 -> 13754.848 | L5: 36658 | M5: =L5/1000 -> 36.658 | N5: =IF(SUMIFS($J$3:$J$20000,$D$3:$D$20000,$D5,$E$3:$E$20000,$E5)=0,0,J5/SUMIFS($J$3:$J$20000,$D$3:$D$20000,$D5,$E$3:$E$20000,$E5)) -> 0.18885135 | O5: =IF(SUMIFS($L$3:$L$20000,$D$3:$D$20000,$D5,$E$3:$E$20000,$E5)=0,0,L5/SUMIFS($L$3:$L$20000,$D$3:$D$20000,$D5,$E$3:$E$20000,$E5)) -> 0.27683757 | P5: 5225667 | Q5: =P5/1000 -> 5225.667 | R5: 10566 | S5: =R5/1000 -> 10.566 | T5: =IF(SUMIFS($P$3:$P$20000,$D$3:$D$20000,$D5,$E$3:$E$20000,$E5)=0,0,P5/SUMIFS($P$3:$P$20000,$D$3:$D$20000,$D5,$E$3:$E$20000,$E5)) -> 0.29125991 | U5: =IF(SUMIFS($R$3:$R$20000,$D$3:$D$20000,$D5,$E$3:$E$20000,$E5)=0,0,R5/SUMIFS($R$3:$R$20000,$D$3:$D$20000,$D5,$E$3:$E$20000,$E5)) -> 0.068859895 | V5: 72834260 | W5: 132417 | X5: 17941594 | Y5: 153442 | Z5: 3 | AA5: Ta|2020|W|3
A6: Ta|2020|4 | B6: MNRL0026 | C6: 탄탈륨 | D6: Ta | E6: 2020 | F6: 4 | G6: AT | H6: 오스트리아 | I6: Austria | J6: 332448 | K6: =J6/1000 -> 332.448 | L6: 327 | M6: =L6/1000 -> 0.327 | N6: =IF(SUMIFS($J$3:$J$20000,$D$3:$D$20000,$D6,$E$3:$E$20000,$E6)=0,0,J6/SUMIFS($J$3:$J$20000,$D$3:$D$20000,$D6,$E$3:$E$20000,$E6)) -> 0.0045644454 | O6: =IF(SUMIFS($L$3:$L$20000,$D$3:$D$20000,$D6,$E$3:$E$20000,$E6)=0,0,L6/SUMIFS($L$3:$L$20000,$D$3:$D$20000,$D6,$E$3:$E$20000,$E6)) -> 0.0024694714 | P6: 0 | Q6: =P6/1000 -> 0 | R6: 0 | S6: =R6/1000 -> 0 | T6: =IF(SUMIFS($P$3:$P$20000,$D$3:$D$20000,$D6,$E$3:$E$20000,$E6)=0,0,P6/SUMIFS($P$3:$P$20000,$D$3:$D$20000,$D6,$E$3:$E$20000,$E6)) -> 0 | U6: =IF(SUMIFS($R$3:$R$20000,$D$3:$D$20000,$D6,$E$3:$E$20000,$E6)=0,0,R6/SUMIFS($R$3:$R$20000,$D$3:$D$20000,$D6,$E$3:$E$20000,$E6)) -> 0 | V6: 72834260 | W6: 132417 | X6: 17941594 | Y6: 153442 | Z6: 7 | AA6: Ta|2020|W|7
A7: Ta|2020|5 | B7: MNRL0026 | C7: 탄탈륨 | D7: Ta | E7: 2020 | F7: 5 | G7: FR | H7: 프랑스 | I7: France | J7: 141346 | K7: =J7/1000 -> 141.346 | L7: 208 | M7: =L7/1000 -> 0.208 | N7: =IF(SUMIFS($J$3:$J$20000,$D$3:$D$20000,$D7,$E$3:$E$20000,$E7)=0,0,J7/SUMIFS($J$3:$J$20000,$D$3:$D$20000,$D7,$E$3:$E$20000,$E7)) -> 0.0019406527 | O7: =IF(SUMIFS($L$3:$L$20000,$D$3:$D$20000,$D7,$E$3:$E$20000,$E7)=0,0,L7/SUMIFS($L$3:$L$20000,$D$3:$D$20000,$D7,$E$3:$E$20000,$E7)) -> 0.0015707953 | P7: 75660 | Q7: =P7/1000 -> 75.66 | R7: 107 | S7: =R7/1000 -> 0.107 | T7: =IF(SUMIFS($P$3:$P$20000,$D$3:$D$20000,$D7,$E$3:$E$20000,$E7)=0,0,P7/SUMIFS($P$3:$P$20000,$D$3:$D$20000,$D7,$E$3:$E$20000,$E7)) -> 0.0042170166 | U7: =IF(SUMIFS($R$3:$R$20000,$D$3:$D$20000,$D7,$E$3:$E$20000,$E7)=0,0,R7/SUMIFS($R$3:$R$20000,$D$3:$D$20000,$D7,$E$3:$E$20000,$E7)) -> 0.00069733189 | V7: 72834260 | W7: 132417 | X7: 17941594 | Y7: 153442 | Z7: 8 | AA7: Ta|2020|W|8
A8: Ta|2020|6 | B8: MNRL0026 | C8: 탄탈륨 | D8: Ta | E8: 2020 | F8: 6 | G8: PH | H8: 필리핀 | I8: Philippines | J8: 105409 | K8: =J8/1000 -> 105.409 | L8: 712 | M8: =L8/1000 -> 0.712 | N8: =IF(SUMIFS($J$3:$J$20000,$D$3:$D$20000,$D8,$E$3:$E$20000,$E8)=0,0,J8/SUMIFS($J$3:$J$20000,$D$3:$D$20000,$D8,$E$3:$E$20000,$E8)) -> 0.0014472447 | O8: =IF(SUMIFS($L$3:$L$20000,$D$3:$D$20000,$D8,$E$3:$E$20000,$E8)=0,0,L8/SUMIFS($L$3:$L$20000,$D$3:$D$20000,$D8,$E$3:$E$20000,$E8)) -> 0.0053769531 | P8: 0 | Q8: =P8/1000 -> 0 | R8: 0 | S8: =R8/1000 -> 0 | T8: =IF(SUMIFS($P$3:$P$20000,$D$3:$D$20000,$D8,$E$3:$E$20000,$E8)=0,0,P8/SUMIFS($P$3:$P$20000,$D$3:$D$20000,$D8,$E$3:$E$20000,$E8)) -> 0 | U8: =IF(SUMIFS($R$3:$R$20000,$D$3:$D$20000,$D8,$E$3:$E$20000,$E8)=0,0,R8/SUMIFS($R$3:$R$20000,$D$3:$D$20000,$D8,$E$3:$E$20000,$E8)) -> 0 | V8: 72834260 | W8: 132417 | X8: 17941594 | Y8: 153442 | Z8: 5 | AA8: Ta|2020|W|5
A9: Ta|2020|7 | B9: MNRL0026 | C9: 탄탈륨 | D9: Ta | E9: 2020 | F9: 7 | G9: RU | H9: 러시아 | I9: Russia | J9: 87500 | K9: =J9/1000 -> 87.5 | L9: 500 | M9: =L9/1000 -> 0.5 | N9: =IF(SUMIFS($J$3:$J$20000,$D$3:$D$20000,$D9,$E$3:$E$20000,$E9)=0,0,J9/SUMIFS($J$3:$J$20000,$D$3:$D$20000,$D9,$E$3:$E$20000,$E9)) -> 0.0012013577 | O9: =IF(SUMIFS($L$3:$L$20000,$D$3:$D$20000,$D9,$E$3:$E$20000,$E9)=0,0,L9/SUMIFS($L$3:$L$20000,$D$3:$D$20000,$D9,$E$3:$E$20000,$E9)) -> 0.0037759502 | P9: 0 | Q9: =P9/1000 -> 0 | R9: 0 | S9: =R9/1000 -> 0 | T9: =IF(SUMIFS($P$3:$P$20000,$D$3:$D$20000,$D9,$E$3:$E$20000,$E9)=0,0,P9/SUMIFS($P$3:$P$20000,$D$3:$D$20000,$D9,$E$3:$E$20000,$E9)) -> 0 | U9: =IF(SUMIFS($R$3:$R$20000,$D$3:$D$20000,$D9,$E$3:$E$20000,$E9)=0,0,R9/SUMIFS($R$3:$R$20000,$D$3:$D$20000,$D9,$E$3:$E$20000,$E9)) -> 0 | V9: 72834260 | W9: 132417 | X9: 17941594 | Y9: 153442 | Z9: 6 | AA9: Ta|2020|W|6
A10: Ta|2020|8 | B10: MNRL0026 | C10: 탄탈륨 | D10: Ta | E10: 2020 | F10: 8 | G10: SG | H10: 싱가포르 | I10: Singapore | J10: 61648 | K10: =J10/1000 -> 61.648 | L10: 1028 | M10: =L10/1000 -> 1.028 | N10: =IF(SUMIFS($J$3:$J$20000,$D$3:$D$20000,$D10,$E$3:$E$20000,$E10)=0,0,J10/SUMIFS($J$3:$J$20000,$D$3:$D$20000,$D10,$E$3:$E$20000,$E10)) -> 0.00084641486 | O10: =IF(SUMIFS($L$3:$L$20000,$D$3:$D$20000,$D10,$E$3:$E$20000,$E10)=0,0,L10/SUMIFS($L$3:$L$20000,$D$3:$D$20000,$D10,$E$3:$E$20000,$E10)) -> 0.0077633536 | P10: 327598 | Q10: =P10/1000 -> 327.598 | R10: 1271 | S10: =R10/1000 -> 1.271 | T10: =IF(SUMIFS($P$3:$P$20000,$D$3:$D$20000,$D10,$E$3:$E$20000,$E10)=0,0,P10/SUMIFS($P$3:$P$20000,$D$3:$D$20000,$D10,$E$3:$E$20000,$E10)) -> 0.018259136 | U10: =IF(SUMIFS($R$3:$R$20000,$D$3:$D$20000,$D10,$E$3:$E$20000,$E10)=0,0,R10/SUMIFS($R$3:$R$20000,$D$3:$D$20000,$D10,$E$3:$E$20000,$E10)) -> 0.0082832601 | V10: 72834260 | W10: 132417 | X10: 17941594 | Y10: 153442 | Z10: 4 | AA10: Ta|2020|W|4
A11: Ta|2020|9 | B11: MNRL0026 | C11: 탄탈륨 | D11: Ta | E11: 2020 | F11: 9 | G11: HK | H11: 홍콩 | I11: Hongkong | J11: 45408 | K11: =J11/1000 -> 45.408 | L11: 63 | M11: =L11/1000 -> 0.063 | N11: =IF(SUMIFS($J$3:$J$20000,$D$3:$D$20000,$D11,$E$3:$E$20000,$E11)=0,0,J11/SUMIFS($J$3:$J$20000,$D$3:$D$20000,$D11,$E$3:$E$20000,$E11)) -> 0.00062344287 | O11: =IF(SUMIFS($L$3:$L$20000,$D$3:$D$20000,$D11,$E$3:$E$20000,$E11)=0,0,L11/SUMIFS($L$3:$L$20000,$D$3:$D$20000,$D11,$E$3:$E$20000,$E11)) -> 0.00047576973 | P11: 636107 | Q11: =P11/1000 -> 636.107 | R11: 12508 | S11: =R11/1000 -> 12.508 | T11: =IF(SUMIFS($P$3:$P$20000,$D$3:$D$20000,$D11,$E$3:$E$20000,$E11)=0,0,P11/SUMIFS($P$3:$P$20000,$D$3:$D$20000,$D11,$E$3:$E$20000,$E11)) -> 0.035454319 | U11: =IF(SUMIFS($R$3:$R$20000,$D$3:$D$20000,$D11,$E$3:$E$20000,$E11)=0,0,R11/SUMIFS($R$3:$R$20000,$D$3:$D$20000,$D11,$E$3:$E$20000,$E11)) -> 0.081516143 | V11: 72834260 | W11: 132417 | X11: 17941594 | Y11: 153442 | Z11: 10 | AA11: Ta|2020|W|10
A12: Ta|2020|10 | B12: MNRL0026 | C12: 탄탈륨 | D12: Ta | E12: 2020 | F12: 10 | G12: DE | H12: 독일 | I12: Germany | J12: 33923 | K12: =J12/1000 -> 33.923 | L12: 114 | M12: =L12/1000 -> 0.114 | N12: =IF(SUMIFS($J$3:$J$20000,$D$3:$D$20000,$D12,$E$3:$E$20000,$E12)=0,0,J12/SUMIFS($J$3:$J$20000,$D$3:$D$20000,$D12,$E$3:$E$20000,$E12)) -> 0.00046575609 | O12: =IF(SUMIFS($L$3:$L$20000,$D$3:$D$20000,$D12,$E$3:$E$20000,$E12)=0,0,L12/SUMIFS($L$3:$L$20000,$D$3:$D$20000,$D12,$E$3:$E$20000,$E12)) -> 0.00086091665 | P12: 1062623 | Q12: =P12/1000 -> 1062.623 | R12: 9141 | S12: =R12/1000 -> 9.141 | T12: =IF(SUMIFS($P$3:$P$20000,$D$3:$D$20000,$D12,$E$3:$E$20000,$E12)=0,0,P12/SUMIFS($P$3:$P$20000,$D$3:$D$20000,$D12,$E$3:$E$20000,$E12)) -> 0.059226789 | U12: =IF(SUMIFS($R$3:$R$20000,$D$3:$D$20000,$D12,$E$3:$E$20000,$E12)=0,0,R12/SUMIFS($R$3:$R$20000,$D$3:$D$20000,$D12,$E$3:$E$20000,$E12)) -> 0.059572998 | V12: 72834260 | W12: 132417 | X12: 17941594 | Y12: 153442 | Z12: 9 | AA12: Ta|2020|W|9
A13: Ta|2020|11 | B13: MNRL0026 | C13: 탄탈륨 | D13: Ta | E13: 2020 | F13: 11 | G13: TW | H13: 대만 | I13: Taiwan | J13: 12081 | K13: =J13/1000 -> 12.081 | L13: 24 | M13: =L13/1000 -> 0.024 | N13: =IF(SUMIFS($J$3:$J$20000,$D$3:$D$20000,$D13,$E$3:$E$20000,$E13)=0,0,J13/SUMIFS($J$3:$J$20000,$D$3:$D$20000,$D13,$E$3:$E$20000,$E13)) -> 0.00016586974 | O13: =IF(SUMIFS($L$3:$L$20000,$D$3:$D$20000,$D13,$E$3:$E$20000,$E13)=0,0,L13/SUMIFS($L$3:$L$20000,$D$3:$D$20000,$D13,$E$3:$E$20000,$E13)) -> 0.00018124561 | P13: 2418162 | Q13: =P13/1000 -> 2418.162 | R13: 23571 | S13: =R13/1000 -> 23.571 | T13: =IF(SUMIFS($P$3:$P$20000,$D$3:$D$20000,$D13,$E$3:$E$20000,$E13)=0,0,P13/SUMIFS($P$3:$P$20000,$D$3:$D$20000,$D13,$E$3:$E$20000,$E13)) -> 0.13477966 | U13: =IF(SUMIFS($R$3:$R$20000,$D$3:$D$20000,$D13,$E$3:$E$20000,$E13)=0,0,R13/SUMIFS($R$3:$R$20000,$D$3:$D$20000,$D13,$E$3:$E$20000,$E13)) -> 0.15361505 | V13: 72834260 | W13: 132417 | X13: 17941594 | Y13: 153442 | Z13: 12 | AA13: Ta|2020|W|12
A14: Ta|2020|12 | B14: MNRL0026 | C14: 탄탈륨 | D14: Ta | E14: 2020 | F14: 12 | G14: CH | H14: 스위스 | I14: Swiss | J14: 11956 | K14: =J14/1000 -> 11.956 | L14: 5 | M14: =L14/1000 -> 0.005 | N14: =IF(SUMIFS($J$3:$J$20000,$D$3:$D$20000,$D14,$E$3:$E$20000,$E14)=0,0,J14/SUMIFS($J$3:$J$20000,$D$3:$D$20000,$D14,$E$3:$E$20000,$E14)) -> 0.00016415352 | O14: =IF(SUMIFS($L$3:$L$20000,$D$3:$D$20000,$D14,$E$3:$E$20000,$E14)=0,0,L14/SUMIFS($L$3:$L$20000,$D$3:$D$20000,$D14,$E$3:$E$20000,$E14)) -> 3.7759502e-05 | P14: 0 | Q14: =P14/1000 -> 0 | R14: 0 | S14: =R14/1000 -> 0 | T14: =IF(SUMIFS($P$3:$P$20000,$D$3:$D$20000,$D14,$E$3:$E$20000,$E14)=0,0,P14/SUMIFS($P$3:$P$20000,$D$3:$D$20000,$D14,$E$3:$E$20000,$E14)) -> 0 | U14: =IF(SUMIFS($R$3:$R$20000,$D$3:$D$20000,$D14,$E$3:$E$20000,$E14)=0,0,R14/SUMIFS($R$3:$R$20000,$D$3:$D$20000,$D14,$E$3:$E$20000,$E14)) -> 0 | V14: 72834260 | W14: 132417 | X14: 17941594 | Y14: 153442 | Z14: 16 | AA14: Ta|2020|W|16
... A16: Ta|2020|14 | B16: MNRL0026 | C16: 탄탈륨 | D16: Ta | E16: 2020 | F16: 14 | G16: GB | H16: 영국 | I16: United Kingdom | J16: 8708 | K16: =J16/1000 -> 8.708 | L16: 6 | M16: =L16/1000 -> 0.006 | N16: =IF(SUMIFS($J$3:$J$20000,$D$3:$D$20000,$D16,$E$3:$E$20000,$E16)=0,0,J16/SUMIFS($J$3:$J$20000,$D$3:$D$20000,$D16,$E$3:$E$20000,$E16)) -> 0.00011955912 | O16: =IF(SUMIFS($L$3:$L$20000,$D$3:$D$20000,$D16,$E$3:$E$20000,$E16)=0,0,L16/SUMIFS($L$3:$L$20000,$D$3:$D$20000,$D16,$E$3:$E$20000,$E16)) -> 4.5311403e-05 | P16: 44552 | Q16: =P16/1000 -> 44.552 | R16: 221 | S16: =R16/1000 -> 0.221 | T16: =IF(SUMIFS($P$3:$P$20000,$D$3:$D$20000,$D16,$E$3:$E$20000,$E16)=0,0,P16/SUMIFS($P$3:$P$20000,$D$3:$D$20000,$D16,$E$3:$E$20000,$E16)) -> 0.0024831684 | U16: =IF(SUMIFS($R$3:$R$20000,$D$3:$D$20000,$D16,$E$3:$E$20000,$E16)=0,0,R16/SUMIFS($R$3:$R$20000,$D$3:$D$20000,$D16,$E$3:$E$20000,$E16)) -> 0.0014402836 | V16: 72834260 | W16: 132417 | X16: 17941594 | Y16: 153442 | Z16: 15 | AA16: Ta|2020|W|15
A17: Ta|2020|15 | B17: MNRL0026 | C17: 탄탈륨 | D17: Ta | E17: 2020 | F17: 15 | G17: BD | H17: 방글라데시 | J17: 4661 | K17: =J17/1000 -> 4.661 | L17: 31 | M17: =L17/1000 -> 0.031 | N17: =IF(SUMIFS($J$3:$J$20000,$D$3:$D$20000,$D17,$E$3:$E$20000,$E17)=0,0,J17/SUMIFS($J$3:$J$20000,$D$3:$D$20000,$D17,$E$3:$E$20000,$E17)) -> 6.3994609e-05 | O17: =IF(SUMIFS($L$3:$L$20000,$D$3:$D$20000,$D17,$E$3:$E$20000,$E17)=0,0,L17/SUMIFS($L$3:$L$20000,$D$3:$D$20000,$D17,$E$3:$E$20000,$E17)) -> 0.00023410891 | P17: 0 | Q17: =P17/1000 -> 0 | R17: 0 | S17: =R17/1000 -> 0 | T17: =IF(SUMIFS($P$3:$P$20000,$D$3:$D$20000,$D17,$E$3:$E$20000,$E17)=0,0,P17/SUMIFS($P$3:$P$20000,$D$3:$D$20000,$D17,$E$3:$E$20000,$E17)) -> 0 | U17: =IF(SUMIFS($R$3:$R$20000,$D$3:$D$20000,$D17,$E$3:$E$20000,$E17)=0,0,R17/SUMIFS($R$3:$R$20000,$D$3:$D$20000,$D17,$E$3:$E$20000,$E17)) -> 0 | V17: 72834260 | W17: 132417 | X17: 17941594 | Y17: 153442 | Z17: 11 | AA17: Ta|2020|W|11
A18: Ta|2020|16 | B18: MNRL0026 | C18: 탄탈륨 | D18: Ta | E18: 2020 | F18: 16 | G18: NL | H18: 네덜란드 | I18: Netherlands | J18: 3650 | K18: =J18/1000 -> 3.65 | L18: 0 | M18: =L18/1000 -> 0 | N18: =IF(SUMIFS($J$3:$J$20000,$D$3:$D$20000,$D18,$E$3:$E$20000,$E18)=0,0,J18/SUMIFS($J$3:$J$20000,$D$3:$D$20000,$D18,$E$3:$E$20000,$E18)) -> 5.0113779e-05 | O18: =IF(SUMIFS($L$3:$L$20000,$D$3:$D$20000,$D18,$E$3:$E$20000,$E18)=0,0,L18/SUMIFS($L$3:$L$20000,$D$3:$D$20000,$D18,$E$3:$E$20000,$E18)) -> 0 | P18: 0 | Q18: =P18/1000 -> 0 | R18: 0 | S18: =R18/1000 -> 0 | T18: =IF(SUMIFS($P$3:$P$20000,$D$3:$D$20000,$D18,$E$3:$E$20000,$E18)=0,0,P18/SUMIFS($P$3:$P$20000,$D$3:$D$20000,$D18,$E$3:$E$20000,$E18)) -> 0 | U18: =IF(SUMIFS($R$3:$R$20000,$D$3:$D$20000,$D18,$E$3:$E$20000,$E18)=0,0,R18/SUMIFS($R$3:$R$20000,$D$3:$D$20000,$D18,$E$3:$E$20000,$E18)) -> 0 | V18: 72834260 | W18: 132417 | X18: 17941594 | Y18: 153442 | Z18: 20 | AA18: Ta|2020|W|20
A19: Ta|2020|17 | B19: MNRL0026 | C19: 탄탈륨 | D19: Ta | E19: 2020 | F19: 17 | G19: KN | H19: 세인트키츠네비스 | J19: 912 | K19: =J19/1000 -> 0.912 | L19: 2 | M19: =L19/1000 -> 0.002 | N19: =IF(SUMIFS($J$3:$J$20000,$D$3:$D$20000,$D19,$E$3:$E$20000,$E19)=0,0,J19/SUMIFS($J$3:$J$20000,$D$3:$D$20000,$D19,$E$3:$E$20000,$E19)) -> 1.252158e-05 | O19: =IF(SUMIFS($L$3:$L$20000,$D$3:$D$20000,$D19,$E$3:$E$20000,$E19)=0,0,L19/SUMIFS($L$3:$L$20000,$D$3:$D$20000,$D19,$E$3:$E$20000,$E19)) -> 1.5103801e-05 | P19: 0 | Q19: =P19/1000 -> 0 | R19: 0 | S19: =R19/1000 -> 0 | T19: =IF(SUMIFS($P$3:$P$20000,$D$3:$D$20000,$D19,$E$3:$E$20000,$E19)=0,0,P19/SUMIFS($P$3:$P$20000,$D$3:$D$20000,$D19,$E$3:$E$20000,$E19)) -> 0 | U19: =IF(SUMIFS($R$3:$R$20000,$D$3:$D$20000,$D19,$E$3:$E$20000,$E19)=0,0,R19/SUMIFS($R$3:$R$20000,$D$3:$D$20000,$D19,$E$3:$E$20000,$E19)) -> 0 | V19: 72834260 | W19: 132417 | X19: 17941594 | Y19: 153442 | Z19: 18 | AA19: Ta|2020|W|18
A20: Ta|2020|18 | B20: MNRL0026 | C20: 탄탈륨 | D20: Ta | E20: 2020 | F20: 18 | G20: IN | H20: 인도 | J20: 790 | K20: =J20/1000 -> 0.79 | L20: 4 | M20: =L20/1000 -> 0.004 | N20: =IF(SUMIFS($J$3:$J$20000,$D$3:$D$20000,$D20,$E$3:$E$20000,$E20)=0,0,J20/SUMIFS($J$3:$J$20000,$D$3:$D$20000,$D20,$E$3:$E$20000,$E20)) -> 1.0846544e-05 | O20: =IF(SUMIFS($L$3:$L$20000,$D$3:$D$20000,$D20,$E$3:$E$20000,$E20)=0,0,L20/SUMIFS($L$3:$L$20000,$D$3:$D$20000,$D20,$E$3:$E$20000,$E20)) -> 3.0207602e-05 | P20: 468 | Q20: =P20/1000 -> 0.468 | R20: 1 | S20: =R20/1000 -> 0.001 | T20: =IF(SUMIFS($P$3:$P$20000,$D$3:$D$20000,$D20,$E$3:$E$20000,$E20)=0,0,P20/SUMIFS($P$3:$P$20000,$D$3:$D$20000,$D20,$E$3:$E$20000,$E20)) -> 2.6084639e-05 | U20: =IF(SUMIFS($R$3:$R$20000,$D$3:$D$20000,$D20,$E$3:$E$20000,$E20)=0,0,R20/SUMIFS($R$3:$R$20000,$D$3:$D$20000,$D20,$E$3:$E$20000,$E20)) -> 6.5171205e-06 | V20: 72834260 | W20: 132417 | X20: 17941594 | Y20: 153442 | Z20: 17 | AA20: Ta|2020|W|17
A21: Ta|2020|19 | B21: MNRL0026 | C21: 탄탈륨 | D21: Ta | E21: 2020 | F21: 19 | G21: AD | H21: 안도라 | J21: 370 | K21: =J21/1000 -> 0.37 | L21: 1 | M21: =L21/1000 -> 0.001 | N21: =IF(SUMIFS($J$3:$J$20000,$D$3:$D$20000,$D21,$E$3:$E$20000,$E21)=0,0,J21/SUMIFS($J$3:$J$20000,$D$3:$D$20000,$D21,$E$3:$E$20000,$E21)) -> 5.0800269e-06 | O21: =IF(SUMIFS($L$3:$L$20000,$D$3:$D$20000,$D21,$E$3:$E$20000,$E21)=0,0,L21/SUMIFS($L$3:$L$20000,$D$3:$D$20000,$D21,$E$3:$E$20000,$E21)) -> 7.5519004e-06 | P21: 0 | Q21: =P21/1000 -> 0 | R21: 0 | S21: =R21/1000 -> 0 | T21: =IF(SUMIFS($P$3:$P$20000,$D$3:$D$20000,$D21,$E$3:$E$20000,$E21)=0,0,P21/SUMIFS($P$3:$P$20000,$D$3:$D$20000,$D21,$E$3:$E$20000,$E21)) -> 0 | U21: =IF(SUMIFS($R$3:$R$20000,$D$3:$D$20000,$D21,$E$3:$E$20000,$E21)=0,0,R21/SUMIFS($R$3:$R$20000,$D$3:$D$20000,$D21,$E$3:$E$20000,$E21)) -> 0 | V21: 72834260 | W21: 132417 | X21: 17941594 | Y21: 153442 | Z21: 19 | AA21: Ta|2020|W|19
A22: Ta|2020|20 | B22: MNRL0026 | C22: 탄탈륨 | D22: Ta | E22: 2020 | F22: 20 | G22: LR | H22: 라이베리아 | J22: 296 | K22: =J22/1000 -> 0.296 | L22: 10 | M22: =L22/1000 -> 0.01 | N22: =IF(SUMIFS($J$3:$J$20000,$D$3:$D$20000,$D22,$E$3:$E$20000,$E22)=0,0,J22/SUMIFS($J$3:$J$20000,$D$3:$D$20000,$D22,$E$3:$E$20000,$E22)) -> 4.0640215e-06 | O22: =IF(SUMIFS($L$3:$L$20000,$D$3:$D$20000,$D22,$E$3:$E$20000,$E22)=0,0,L22/SUMIFS($L$3:$L$20000,$D$3:$D$20000,$D22,$E$3:$E$20000,$E22)) -> 7.5519004e-05 | P22: 0 | Q22: =P22/1000 -> 0 | R22: 0 | S22: =R22/1000 -> 0 | T22: =IF(SUMIFS($P$3:$P$20000,$D$3:$D$20000,$D22,$E$3:$E$20000,$E22)=0,0,P22/SUMIFS($P$3:$P$20000,$D$3:$D$20000,$D22,$E$3:$E$20000,$E22)) -> 0 | U22: =IF(SUMIFS($R$3:$R$20000,$D$3:$D$20000,$D22,$E$3:$E$20000,$E22)=0,0,R22/SUMIFS($R$3:$R$20000,$D$3:$D$20000,$D22,$E$3:$E$20000,$E22)) -> 0 | V22: 72834260 | W22: 132417 | X22: 17941594 | Y22: 153442 | Z22: 14 | AA22: Ta|2020|W|14
A23: Ta|2020|21 | B23: MNRL0026 | C23: 탄탈륨 | D23: Ta | E23: 2020 | F23: 21 | G23: KZ | H23: 카자흐스탄 | I23: Kazakhstan | J23: 0 | K23: =J23/1000 -> 0 | L23: 0 | M23: =L23/1000 -> 0 | N23: =IF(SUMIFS($J$3:$J$20000,$D$3:$D$20000,$D23,$E$3:$E$20000,$E23)=0,0,J23/SUMIFS($J$3:$J$20000,$D$3:$D$20000,$D23,$E$3:$E$20000,$E23)) -> 0 | O23: =IF(SUMIFS($L$3:$L$20000,$D$3:$D$20000,$D23,$E$3:$E$20000,$E23)=0,0,L23/SUMIFS($L$3:$L$20000,$D$3:$D$20000,$D23,$E$3:$E$20000,$E23)) -> 0 | P23: 3092218 | Q23: =P23/1000 -> 3092.218 | R23: 14538 | S23: =R23/1000 -> 14.538 | T23: =IF(SUMIFS($P$3:$P$20000,$D$3:$D$20000,$D23,$E$3:$E$20000,$E23)=0,0,P23/SUMIFS($P$3:$P$20000,$D$3:$D$20000,$D23,$E$3:$E$20000,$E23)) -> 0.17234912 | U23: =IF(SUMIFS($R$3:$R$20000,$D$3:$D$20000,$D23,$E$3:$E$20000,$E23)=0,0,R23/SUMIFS($R$3:$R$20000,$D$3:$D$20000,$D23,$E$3:$E$20000,$E23)) -> 0.094745897 | V23: 72834260 | W23: 132417 | X23: 17941594 | Y23: 153442 | Z23: 21 | AA23: Ta|2020|W|21
A24: Ta|2020|22 | B24: MNRL0026 | C24: 탄탈륨 | D24: Ta | E24: 2020 | F24: 22 | G24: TH | H24: 태국 | J24: 0 | K24: =J24/1000 -> 0 | L24: 0 | M24: =L24/1000 -> 0 | N24: =IF(SUMIFS($J$3:$J$20000,$D$3:$D$20000,$D24,$E$3:$E$20000,$E24)=0,0,J24/SUMIFS($J$3:$J$20000,$D$3:$D$20000,$D24,$E$3:$E$20000,$E24)) -> 0 | O24: =IF(SUMIFS($L$3:$L$20000,$D$3:$D$20000,$D24,$E$3:$E$20000,$E24)=0,0,L24/SUMIFS($L$3:$L$20000,$D$3:$D$20000,$D24,$E$3:$E$20000,$E24)) -> 0 | P24: 503 | Q24: =P24/1000 -> 0.503 | R24: 1 | S24: =R24/1000 -> 0.001 | T24: =IF(SUMIFS($P$3:$P$20000,$D$3:$D$20000,$D24,$E$3:$E$20000,$E24)=0,0,P24/SUMIFS($P$3:$P$20000,$D$3:$D$20000,$D24,$E$3:$E$20000,$E24)) -> 2.8035413e-05 | U24: =IF(SUMIFS($R$3:$R$20000,$D$3:$D$20000,$D24,$E$3:$E$20000,$E24)=0,0,R24/SUMIFS($R$3:$R$20000,$D$3:$D$20000,$D24,$E$3:$E$20000,$E24)) -> 6.5171205e-06 | V24: 72834260 | W24: 132417 | X24: 17941594 | Y24: 153442 | Z24: 22 | AA24: Ta|2020|W|22
A25: Ta|2020|23 | B25: MNRL0026 | C25: 탄탈륨 | D25: Ta | E25: 2020 | F25: 23 | G25: EG | H25: 이집트 | J25: 0 | K25: =J25/1000 -> 0 | L25: 0 | M25: =L25/1000 -> 0 | N25: =IF(SUMIFS($J$3:$J$20000,$D$3:$D$20000,$D25,$E$3:$E$20000,$E25)=0,0,J25/SUMIFS($J$3:$J$20000,$D$3:$D$20000,$D25,$E$3:$E$20000,$E25)) -> 0 | O25: =IF(SUMIFS($L$3:$L$20000,$D$3:$D$20000,$D25,$E$3:$E$20000,$E25)=0,0,L25/SUMIFS($L$3:$L$20000,$D$3:$D$20000,$D25,$E$3:$E$20000,$E25)) -> 0 | P25: 300 | Q25: =P25/1000 -> 0.3 | R25: 0 | S25: =R25/1000 -> 0 | T25: =IF(SUMIFS($P$3:$P$20000,$D$3:$D$20000,$D25,$E$3:$E$20000,$E25)=0,0,P25/SUMIFS($P$3:$P$20000,$D$3:$D$20000,$D25,$E$3:$E$20000,$E25)) -> 1.6720922e-05 | U25: =IF(SUMIFS($R$3:$R$20000,$D$3:$D$20000,$D25,$E$3:$E$20000,$E25)=0,0,R25/SUMIFS($R$3:$R$20000,$D$3:$D$20000,$D25,$E$3:$E$20000,$E25)) -> 0 | V25: 72834260 | W25: 132417 | X25: 17941594 | Y25: 153442 | Z25: 23 | AA25: Ta|2020|W|23
A26: Ta|2020|24 | B26: MNRL0026 | C26: 탄탈륨 | D26: Ta | E26: 2020 | F26: 24 | G26: EE | H26: 에스토니아 | I26: Estonia | J26: 0 | K26: =J26/1000 -> 0 | L26: 0 | M26: =L26/1000 -> 0 | N26: =IF(SUMIFS($J$3:$J$20000,$D$3:$D$20000,$D26,$E$3:$E$20000,$E26)=0,0,J26/SUMIFS($J$3:$J$20000,$D$3:$D$20000,$D26,$E$3:$E$20000,$E26)) -> 0 | O26: =IF(SUMIFS($L$3:$L$20000,$D$3:$D$20000,$D26,$E$3:$E$20000,$E26)=0,0,L26/SUMIFS($L$3:$L$20000,$D$3:$D$20000,$D26,$E$3:$E$20000,$E26)) -> 0 | P26: 20098 | Q26: =P26/1000 -> 20.098 | R26: 7498 | S26: =R26/1000 -> 7.498 | T26: =IF(SUMIFS($P$3:$P$20000,$D$3:$D$20000,$D26,$E$3:$E$20000,$E26)=0,0,P26/SUMIFS($P$3:$P$20000,$D$3:$D$20000,$D26,$E$3:$E$20000,$E26)) -> 0.0011201903 | U26: =IF(SUMIFS($R$3:$R$20000,$D$3:$D$20000,$D26,$E$3:$E$20000,$E26)=0,0,R26/SUMIFS($R$3:$R$20000,$D$3:$D$20000,$D26,$E$3:$E$20000,$E26)) -> 0.048865369 | V26: 72834260 | W26: 132417 | X26: 17941594 | Y26: 153442 | Z26: 24 | AA26: Ta|2020|W|24
A27: Ta|2020|25 | B27: MNRL0026 | C27: 탄탈륨 | D27: Ta | E27: 2020 | F27: 25 | G27: VN | H27: 베트남 | I27: Vietnam | J27: 0 | K27: =J27/1000 -> 0 | L27: 0 | M27: =L27/1000 -> 0 | N27: =IF(SUMIFS($J$3:$J$20000,$D$3:$D$20000,$D27,$E$3:$E$20000,$E27)=0,0,J27/SUMIFS($J$3:$J$20000,$D$3:$D$20000,$D27,$E$3:$E$20000,$E27)) -> 0 | O27: =IF(SUMIFS($L$3:$L$20000,$D$3:$D$20000,$D27,$E$3:$E$20000,$E27)=0,0,L27/SUMIFS($L$3:$L$20000,$D$3:$D$20000,$D27,$E$3:$E$20000,$E27)) -> 0 | P27: 3577 | Q27: =P27/1000 -> 3.577 | R27: 3 | S27: =R27/1000 -> 0.003 | T27: =IF(SUMIFS($P$3:$P$20000,$D$3:$D$20000,$D27,$E$3:$E$20000,$E27)=0,0,P27/SUMIFS($P$3:$P$20000,$D$3:$D$20000,$D27,$E$3:$E$20000,$E27)) -> 0.00019936913 | U27: =IF(SUMIFS($R$3:$R$20000,$D$3:$D$20000,$D27,$E$3:$E$20000,$E27)=0,0,R27/SUMIFS($R$3:$R$20000,$D$3:$D$20000,$D27,$E$3:$E$20000,$E27)) -> 1.9551361e-05 | V27: 72834260 | W27: 132417 | X27: 17941594 | Y27: 153442 | Z27: 25 | AA27: Ta|2020|W|25
A28: Ta|2021|1 | B28: MNRL0026 | C28: 탄탈륨 | D28: Ta | E28: 2021 | F28: 1 | G28: US | H28: 미국 | I28: United States of America | J28: 52972982 | K28: =J28/1000 -> 52972.982 | L28: 75157 | M28: =L28/1000 -> 75.157 | N28: =IF(SUMIFS($J$3:$J$20000,$D$3:$D$20000,$D28,$E$3:$E$20000,$E28)=0,0,J28/SUMIFS($J$3:$J$20000,$D$3:$D$20000,$D28,$E$3:$E$20000,$E28)) -> 0.5809872 | O28: =IF(SUMIFS($L$3:$L$20000,$D$3:$D$20000,$D28,$E$3:$E$20000,$E28)=0,0,L28/SUMIFS($L$3:$L$20000,$D$3:$D$20000,$D28,$E$3:$E$20000,$E28)) -> 0.44971876 | P28: 6320646 | Q28: =P28/1000 -> 6320.646 | R28: 65158 | S28: =R28/1000 -> 65.158 | T28: =IF(SUMIFS($P$3:$P$20000,$D$3:$D$20000,$D28,$E$3:$E$20000,$E28)=0,0,P28/SUMIFS($P$3:$P$20000,$D$3:$D$20000,$D28,$E$3:$E$20000,$E28)) -> 0.24352657 | U28: =IF(SUMIFS($R$3:$R$20000,$D$3:$D$20000,$D28,$E$3:$E$20000,$E28)=0,0,R28/SUMIFS($R$3:$R$20000,$D$3:$D$20000,$D28,$E$3:$E$20000,$E28)) -> 0.32907582 | V28: 91177537 | W28: 167120 | X28: 25954646 | Y28: 198003 | Z28: 1 | AA28: Ta|2021|W|1
A29: Ta|2021|2 | B29: MNRL0026 | C29: 탄탈륨 | D29: Ta | E29: 2021 | F29: 2 | G29: JP | H29: 일본 | I29: Japan | J29: 24261180 | K29: =J29/1000 -> 24261.18 | L29: 55676 | M29: =L29/1000 -> 55.676 | N29: =IF(SUMIFS($J$3:$J$20000,$D$3:$D$20000,$D29,$E$3:$E$20000,$E29)=0,0,J29/SUMIFS($J$3:$J$20000,$D$3:$D$20000,$D29,$E$3:$E$20000,$E29)) -> 0.26608725 | O29: =IF(SUMIFS($L$3:$L$20000,$D$3:$D$20000,$D29,$E$3:$E$20000,$E29)=0,0,L29/SUMIFS($L$3:$L$20000,$D$3:$D$20000,$D29,$E$3:$E$20000,$E29)) -> 0.33314983 | P29: 1030181 | Q29: =P29/1000 -> 1030.181 | R29: 16661 | S29: =R29/1000 -> 16.661 | T29: =IF(SUMIFS($P$3:$P$20000,$D$3:$D$20000,$D29,$E$3:$E$20000,$E29)=0,0,P29/SUMIFS($P$3:$P$20000,$D$3:$D$20000,$D29,$E$3:$E$20000,$E29)) -> 0.039691584 | U29: =IF(SUMIFS($R$3:$R$20000,$D$3:$D$20000,$D29,$E$3:$E$20000,$E29)=0,0,R29/SUMIFS($R$3:$R$20000,$D$3:$D$20000,$D29,$E$3:$E$20000,$E29)) -> 0.08414519 | V29: 91177537 | W29: 167120 | X29: 25954646 | Y29: 198003 | Z29: 2 | AA29: Ta|2021|W|2
A30: Ta|2021|3 | B30: MNRL0026 | C30: 탄탈륨 | D30: Ta | E30: 2021 | F30: 3 | G30: CN | H30: 중국 | I30: China | J30: 13042770 | K30: =J30/1000 -> 13042.77 | L30: 33132 | M30: =L30/1000 -> 33.132 | N30: =IF(SUMIFS($J$3:$J$20000,$D$3:$D$20000,$D30,$E$3:$E$20000,$E30)=0,0,J30/SUMIFS($J$3:$J$20000,$D$3:$D$20000,$D30,$E$3:$E$20000,$E30)) -> 0.14304806 | O30: =IF(SUMIFS($L$3:$L$20000,$D$3:$D$20000,$D30,$E$3:$E$20000,$E30)=0,0,L30/SUMIFS($L$3:$L$20000,$D$3:$D$20000,$D30,$E$3:$E$20000,$E30)) -> 0.19825275 | P30: 9128440 | Q30: =P30/1000 -> 9128.44 | R30: 22585 | S30: =R30/1000 -> 22.585 | T30: =IF(SUMIFS($P$3:$P$20000,$D$3:$D$20000,$D30,$E$3:$E$20000,$E30)=0,0,P30/SUMIFS($P$3:$P$20000,$D$3:$D$20000,$D30,$E$3:$E$20000,$E30)) -> 0.35170736 | U30: =IF(SUMIFS($R$3:$R$20000,$D$3:$D$20000,$D30,$E$3:$E$20000,$E30)=0,0,R30/SUMIFS($R$3:$R$20000,$D$3:$D$20000,$D30,$E$3:$E$20000,$E30)) -> 0.11406393 | V30: 91177537 | W30: 167120 | X30: 25954646 | Y30: 198003 | Z30: 3 | AA30: Ta|2021|W|3
A31: Ta|2021|4 | B31: MNRL0026 | C31: 탄탈륨 | D31: Ta | E31: 2021 | F31: 4 | G31: AT | H31: 오스트리아 | I31: Austria | J31: 262482 | K31: =J31/1000 -> 262.482 | L31: 232 | M31: =L31/1000 -> 0.232 | N31: =IF(SUMIFS($J$3:$J$20000,$D$3:$D$20000,$D31,$E$3:$E$20000,$E31)=0,0,J31/SUMIFS($J$3:$J$20000,$D$3:$D$20000,$D31,$E$3:$E$20000,$E31)) -> 0.0028788012 | O31: =IF(SUMIFS($L$3:$L$20000,$D$3:$D$20000,$D31,$E$3:$E$20000,$E31)=0,0,L31/SUMIFS($L$3:$L$20000,$D$3:$D$20000,$D31,$E$3:$E$20000,$E31)) -> 0.001388224 | P31: 113 | Q31: =P31/1000 -> 0.113 | R31: 0 | S31: =R31/1000 -> 0 | T31: =IF(SUMIFS($P$3:$P$20000,$D$3:$D$20000,$D31,$E$3:$E$20000,$E31)=0,0,P31/SUMIFS($P$3:$P$20000,$D$3:$D$20000,$D31,$E$3:$E$20000,$E31)) -> 4.3537485e-06 | U31: =IF(SUMIFS($R$3:$R$20000,$D$3:$D$20000,$D31,$E$3:$E$20000,$E31)=0,0,R31/SUMIFS($R$3:$R$20000,$D$3:$D$20000,$D31,$E$3:$E$20000,$E31)) -> 0 | V31: 91177537 | W31: 167120 | X31: 25954646 | Y31: 198003 | Z31: 7 | AA31: Ta|2021|W|7
A32: Ta|2021|5 | B32: MNRL0026 | C32: 탄탈륨 | D32: Ta | E32: 2021 | F32: 5 | G32: RU | H32: 러시아 | I32: Russia | J32: 208000 | K32: =J32/1000 -> 208 | L32: 1000 | M32: =L32/1000 -> 1 | N32: =IF(SUMIFS($J$3:$J$20000,$D$3:$D$20000,$D32,$E$3:$E$20000,$E32)=0,0,J32/SUMIFS($J$3:$J$20000,$D$3:$D$20000,$D32,$E$3:$E$20000,$E32)) -> 0.0022812636 | O32: =IF(SUMIFS($L$3:$L$20000,$D$3:$D$20000,$D32,$E$3:$E$20000,$E32)=0,0,L32/SUMIFS($L$3:$L$20000,$D$3:$D$20000,$D32,$E$3:$E$20000,$E32)) -> 0.0059837243 | P32: 0 | Q32: =P32/1000 -> 0 | R32: 0 | S32: =R32/1000 -> 0 | T32: =IF(SUMIFS($P$3:$P$20000,$D$3:$D$20000,$D32,$E$3:$E$20000,$E32)=0,0,P32/SUMIFS($P$3:$P$20000,$D$3:$D$20000,$D32,$E$3:$E$20000,$E32)) -> 0 | U32: =IF(SUMIFS($R$3:$R$20000,$D$3:$D$20000,$D32,$E$3:$E$20000,$E32)=0,0,R32/SUMIFS($R$3:$R$20000,$D$3:$D$20000,$D32,$E$3:$E$20000,$E32)) -> 0 | V32: 91177537 | W32: 167120 | X32: 25954646 | Y32: 198003 | Z32: 4 | AA32: Ta|2021|W|4
A33: Ta|2021|6 | B33: MNRL0026 | C33: 탄탈륨 | D33: Ta | E33: 2021 | F33: 6 | G33: FR | H33: 프랑스 | I33: France | J33: 131922 | K33: =J33/1000 -> 131.922 | L33: 184 | M33: =L33/1000 -> 0.184 | N33: =IF(SUMIFS($J$3:$J$20000,$D$3:$D$20000,$D33,$E$3:$E$20000,$E33)=0,0,J33/SUMIFS($J$3:$J$20000,$D$3:$D$20000,$D33,$E$3:$E$20000,$E33)) -> 0.0014468695 | O33: =IF(SUMIFS($L$3:$L$20000,$D$3:$D$20000,$D33,$E$3:$E$20000,$E33)=0,0,L33/SUMIFS($L$3:$L$20000,$D$3:$D$20000,$D33,$E$3:$E$20000,$E33)) -> 0.0011010053 | P33: 53859 | Q33: =P33/1000 -> 53.859 | R33: 113 | S33: =R33/1000 -> 0.113 | T33: =IF(SUMIFS($P$3:$P$20000,$D$3:$D$20000,$D33,$E$3:$E$20000,$E33)=0,0,P33/SUMIFS($P$3:$P$20000,$D$3:$D$20000,$D33,$E$3:$E$20000,$E33)) -> 0.0020751198 | U33: =IF(SUMIFS($R$3:$R$20000,$D$3:$D$20000,$D33,$E$3:$E$20000,$E33)=0,0,R33/SUMIFS($R$3:$R$20000,$D$3:$D$20000,$D33,$E$3:$E$20000,$E33)) -> 0.00057069842 | V33: 91177537 | W33: 167120 | X33: 25954646 | Y33: 198003 | Z33: 8 | AA33: Ta|2021|W|8
A34: Ta|2021|7 | B34: MNRL0026 | C34: 탄탈륨 | D34: Ta | E34: 2021 | F34: 7 | G34: PH | H34: 필리핀 | I34: Philippines | J34: 91645 | K34: =J34/1000 -> 91.645 | L34: 603 | M34: =L34/1000 -> 0.603 | N34: =IF(SUMIFS($J$3:$J$20000,$D$3:$D$20000,$D34,$E$3:$E$20000,$E34)=0,0,J34/SUMIFS($J$3:$J$20000,$D$3:$D$20000,$D34,$E$3:$E$20000,$E34)) -> 0.001005127 | O34: =IF(SUMIFS($L$3:$L$20000,$D$3:$D$20000,$D34,$E$3:$E$20000,$E34)=0,0,L34/SUMIFS($L$3:$L$20000,$D$3:$D$20000,$D34,$E$3:$E$20000,$E34)) -> 0.0036081857 | P34: 3377 | Q34: =P34/1000 -> 3.377 | R34: 6 | S34: =R34/1000 -> 0.006 | T34: =IF(SUMIFS($P$3:$P$20000,$D$3:$D$20000,$D34,$E$3:$E$20000,$E34)=0,0,P34/SUMIFS($P$3:$P$20000,$D$3:$D$20000,$D34,$E$3:$E$20000,$E34)) -> 0.00013011158 | U34: =IF(SUMIFS($R$3:$R$20000,$D$3:$D$20000,$D34,$E$3:$E$20000,$E34)=0,0,R34/SUMIFS($R$3:$R$20000,$D$3:$D$20000,$D34,$E$3:$E$20000,$E34)) -> 3.0302571e-05 | V34: 91177537 | W34: 167120 | X34: 25954646 | Y34: 198003 | Z34: 6 | AA34: Ta|2021|W|6
A35: Ta|2021|8 | B35: MNRL0026 | C35: 탄탈륨 | D35: Ta | E35: 2021 | F35: 8 | G35: HK | H35: 홍콩 | I35: Hongkong | J35: 43964 | K35: =J35/1000 -> 43.964 | L35: 48 | M35: =L35/1000 -> 0.048 | N35: =IF(SUMIFS($J$3:$J$20000,$D$3:$D$20000,$D35,$E$3:$E$20000,$E35)=0,0,J35/SUMIFS($J$3:$J$20000,$D$3:$D$20000,$D35,$E$3:$E$20000,$E35)) -> 0.00048218017 | O35: =IF(SUMIFS($L$3:$L$20000,$D$3:$D$20000,$D35,$E$3:$E$20000,$E35)=0,0,L35/SUMIFS($L$3:$L$20000,$D$3:$D$20000,$D35,$E$3:$E$20000,$E35)) -> 0.00028721876 | P35: 931848 | Q35: =P35/1000 -> 931.848 | R35: 31998 | S35: =R35/1000 -> 31.998 | T35: =IF(SUMIFS($P$3:$P$20000,$D$3:$D$20000,$D35,$E$3:$E$20000,$E35)=0,0,P35/SUMIFS($P$3:$P$20000,$D$3:$D$20000,$D35,$E$3:$E$20000,$E35)) -> 0.035902936 | U35: =IF(SUMIFS($R$3:$R$20000,$D$3:$D$20000,$D35,$E$3:$E$20000,$E35)=0,0,R35/SUMIFS($R$3:$R$20000,$D$3:$D$20000,$D35,$E$3:$E$20000,$E35)) -> 0.16160361 | V35: 91177537 | W35: 167120 | X35: 25954646 | Y35: 198003 | Z35: 12 | AA35: Ta|2021|W|12
A36: Ta|2021|9 | B36: MNRL0026 | C36: 탄탈륨 | D36: Ta | E36: 2021 | F36: 9 | G36: SG | H36: 싱가포르 | I36: Singapore | J36: 39231 | K36: =J36/1000 -> 39.231 | L36: 738 | M36: =L36/1000 -> 0.738 | N36: =IF(SUMIFS($J$3:$J$20000,$D$3:$D$20000,$D36,$E$3:$E$20000,$E36)=0,0,J36/SUMIFS($J$3:$J$20000,$D$3:$D$20000,$D36,$E$3:$E$20000,$E36)) -> 0.00043027045 | O36: =IF(SUMIFS($L$3:$L$20000,$D$3:$D$20000,$D36,$E$3:$E$20000,$E36)=0,0,L36/SUMIFS($L$3:$L$20000,$D$3:$D$20000,$D36,$E$3:$E$20000,$E36)) -> 0.0044159885 | P36: 316036 | Q36: =P36/1000 -> 316.036 | R36: 1102 | S36: =R36/1000 -> 1.102 | T36: =IF(SUMIFS($P$3:$P$20000,$D$3:$D$20000,$D36,$E$3:$E$20000,$E36)=0,0,P36/SUMIFS($P$3:$P$20000,$D$3:$D$20000,$D36,$E$3:$E$20000,$E36)) -> 0.012176471 | U36: =IF(SUMIFS($R$3:$R$20000,$D$3:$D$20000,$D36,$E$3:$E$20000,$E36)=0,0,R36/SUMIFS($R$3:$R$20000,$D$3:$D$20000,$D36,$E$3:$E$20000,$E36)) -> 0.0055655722 | V36: 91177537 | W36: 167120 | X36: 25954646 | Y36: 198003 | Z36: 5 | AA36: Ta|2021|W|5
A37: Ta|2021|10 | B37: MNRL0026 | C37: 탄탈륨 | D37: Ta | E37: 2021 | F37: 10 | G37: DE | H37: 독일 | I37: Germany | J37: 26678 | K37: =J37/1000 -> 26.678 | L37: 78 | M37: =L37/1000 -> 0.078 | N37: =IF(SUMIFS($J$3:$J$20000,$D$3:$D$20000,$D37,$E$3:$E$20000,$E37)=0,0,J37/SUMIFS($J$3:$J$20000,$D$3:$D$20000,$D37,$E$3:$E$20000,$E37)) -> 0.000292594 | O37: =IF(SUMIFS($L$3:$L$20000,$D$3:$D$20000,$D37,$E$3:$E$20000,$E37)=0,0,L37/SUMIFS($L$3:$L$20000,$D$3:$D$20000,$D37,$E$3:$E$20000,$E37)) -> 0.00046673049 | P37: 1316389 | Q37: =P37/1000 -> 1316.389 | R37: 12483 | S37: =R37/1000 -> 12.483 | T37: =IF(SUMIFS($P$3:$P$20000,$D$3:$D$20000,$D37,$E$3:$E$20000,$E37)=0,0,P37/SUMIFS($P$3:$P$20000,$D$3:$D$20000,$D37,$E$3:$E$20000,$E37)) -> 0.050718819 | U37: =IF(SUMIFS($R$3:$R$20000,$D$3:$D$20000,$D37,$E$3:$E$20000,$E37)=0,0,R37/SUMIFS($R$3:$R$20000,$D$3:$D$20000,$D37,$E$3:$E$20000,$E37)) -> 0.063044499 | V37: 91177537 | W37: 167120 | X37: 25954646 | Y37: 198003 | Z37: 10 | AA37: Ta|2021|W|10
A38: Ta|2021|11 | B38: MNRL0026 | C38: 탄탈륨 | D38: Ta | E38: 2021 | F38: 11 | G38: GB | H38: 영국 | I38: United Kingdom | J38: 25239 | K38: =J38/1000 -> 25.239 | L38: 50 | M38: =L38/1000 -> 0.05 | N38: =IF(SUMIFS($J$3:$J$20000,$D$3:$D$20000,$D38,$E$3:$E$20000,$E38)=0,0,J38/SUMIFS($J$3:$J$20000,$D$3:$D$20000,$D38,$E$3:$E$20000,$E38)) -> 0.0002768116 | O38: =IF(SUMIFS($L$3:$L$20000,$D$3:$D$20000,$D38,$E$3:$E$20000,$E38)=0,0,L38/SUMIFS($L$3:$L$20000,$D$3:$D$20000,$D38,$E$3:$E$20000,$E38)) -> 0.00029918621 | P38: 0 | Q38: =P38/1000 -> 0 | R38: 0 | S38: =R38/1000 -> 0 | T38: =IF(SUMIFS($P$3:$P$20000,$D$3:$D$20000,$D38,$E$3:$E$20000,$E38)=0,0,P38/SUMIFS($P$3:$P$20000,$D$3:$D$20000,$D38,$E$3:$E$20000,$E38)) -> 0 | U38: =IF(SUMIFS($R$3:$R$20000,$D$3:$D$20000,$D38,$E$3:$E$20000,$E38)=0,0,R38/SUMIFS($R$3:$R$20000,$D$3:$D$20000,$D38,$E$3:$E$20000,$E38)) -> 0 | V38: 91177537 | W38: 167120 | X38: 25954646 | Y38: 198003 | Z38: 11 | AA38: Ta|2021|W|11
A39: Ta|2021|12 | B39: MNRL0026 | C39: 탄탈륨 | D39: Ta | E39: 2021 | F39: 12 | G39: FI | H39: 핀란드 | J39: 21893 | K39: =J39/1000 -> 21.893 | L39: 145 | M39: =L39/1000 -> 0.145 | N39: =IF(SUMIFS($J$3:$J$20000,$D$3:$D$20000,$D39,$E$3:$E$20000,$E39)=0,0,J39/SUMIFS($J$3:$J$20000,$D$3:$D$20000,$D39,$E$3:$E$20000,$E39)) -> 0.00024011397 | O39: =IF(SUMIFS($L$3:$L$20000,$D$3:$D$20000,$D39,$E$3:$E$20000,$E39)=0,0,L39/SUMIFS($L$3:$L$20000,$D$3:$D$20000,$D39,$E$3:$E$20000,$E39)) -> 0.00086764002 | P39: 0 | Q39: =P39/1000 -> 0 | R39: 0 | S39: =R39/1000 -> 0 | T39: =IF(SUMIFS($P$3:$P$20000,$D$3:$D$20000,$D39,$E$3:$E$20000,$E39)=0,0,P39/SUMIFS($P$3:$P$20000,$D$3:$D$20000,$D39,$E$3:$E$20000,$E39)) -> 0 | U39: =IF(SUMIFS($R$3:$R$20000,$D$3:$D$20000,$D39,$E$3:$E$20000,$E39)=0,0,R39/SUMIFS($R$3:$R$20000,$D$3:$D$20000,$D39,$E$3:$E$20000,$E39)) -> 0 | V39: 91177537 | W39: 167120 | X39: 25954646 | Y39: 198003 | Z39: 9 | AA39: Ta|2021|W|9
A40: Ta|2021|13 | B40: MNRL0026 | C40: 탄탈륨 | D40: Ta | E40: 2021 | F40: 13 | G40: DK | H40: 덴마크 | I40: Denmark | J40: 20358 | K40: =J40/1000 -> 20.358 | L40: 25 | M40: =L40/1000 -> 0.025 | N40: =IF(SUMIFS($J$3:$J$20000,$D$3:$D$20000,$D40,$E$3:$E$20000,$E40)=0,0,J40/SUMIFS($J$3:$J$20000,$D$3:$D$20000,$D40,$E$3:$E$20000,$E40)) -> 0.00022327868 | O40: =IF(SUMIFS($L$3:$L$20000,$D$3:$D$20000,$D40,$E$3:$E$20000,$E40)=0,0,L40/SUMIFS($L$3:$L$20000,$D$3:$D$20000,$D40,$E$3:$E$20000,$E40)) -> 0.00014959311 | P40: 4746 | Q40: =P40/1000 -> 4.746 | R40: 0 | S40: =R40/1000 -> 0 | T40: =IF(SUMIFS($P$3:$P$20000,$D$3:$D$20000,$D40,$E$3:$E$20000,$E40)=0,0,P40/SUMIFS($P$3:$P$20000,$D$3:$D$20000,$D40,$E$3:$E$20000,$E40)) -> 0.00018285744 | U40: =IF(SUMIFS($R$3:$R$20000,$D$3:$D$20000,$D40,$E$3:$E$20000,$E40)=0,0,R40/SUMIFS($R$3:$R$20000,$D$3:$D$20000,$D40,$E$3:$E$20000,$E40)) -> 0 | V40: 91177537 | W40: 167120 | X40: 25954646 | Y40: 198003 | Z40: 14 | AA40: Ta|2021|W|14
A41: Ta|2021|14 | B41: MNRL0026 | C41: 탄탈륨 | D41: Ta | E41: 2021 | F41: 14 | G41: LI | H41: 리히텐슈타인 | J41: 9214 | K41: =J41/1000 -> 9.214 | L41: 2 | M41: =L41/1000 -> 0.002 | N41: =IF(SUMIFS($J$3:$J$20000,$D$3:$D$20000,$D41,$E$3:$E$20000,$E41)=0,0,J41/SUMIFS($J$3:$J$20000,$D$3:$D$20000,$D41,$E$3:$E$20000,$E41)) -> 0.00010105559 | O41: =IF(SUMIFS($L$3:$L$20000,$D$3:$D$20000,$D41,$E$3:$E$20000,$E41)=0,0,L41/SUMIFS($L$3:$L$20000,$D$3:$D$20000,$D41,$E$3:$E$20000,$E41)) -> 1.1967449e-05 | P41: 0 | Q41: =P41/1000 -> 0 | R41: 0 | S41: =R41/1000 -> 0 | T41: =IF(SUMIFS($P$3:$P$20000,$D$3:$D$20000,$D41,$E$3:$E$20000,$E41)=0,0,P41/SUMIFS($P$3:$P$20000,$D$3:$D$20000,$D41,$E$3:$E$20000,$E41)) -> 0 | U41: =IF(SUMIFS($R$3:$R$20000,$D$3:$D$20000,$D41,$E$3:$E$20000,$E41)=0,0,R41/SUMIFS($R$3:$R$20000,$D$3:$D$20000,$D41,$E$3:$E$20000,$E41)) -> 0 | V41: 91177537 | W41: 167120 | X41: 25954646 | Y41: 198003 | Z41: 16 | AA41: Ta|2021|W|16
A42: Ta|2021|15 | B42: MNRL0026 | C42: 탄탈륨 | D42: Ta | E42: 2021 | F42: 15 | G42: CA | H42: 캐나다 | I42: Canada | J42: 5750 | K42: =J42/1000 -> 5.75 | L42: 1 | M42: =L42/1000 -> 0.001 | N42: =IF(SUMIFS($J$3:$J$20000,$D$3:$D$20000,$D42,$E$3:$E$20000,$E42)=0,0,J42/SUMIFS($J$3:$J$20000,$D$3:$D$20000,$D42,$E$3:$E$20000,$E42)) -> 6.3063779e-05 | O42: =IF(SUMIFS($L$3:$L$20000,$D$3:$D$20000,$D42,$E$3:$E$20000,$E42)=0,0,L42/SUMIFS($L$3:$L$20000,$D$3:$D$20000,$D42,$E$3:$E$20000,$E42)) -> 5.9837243e-06 | P42: 0 | Q42: =P42/1000 -> 0 | R42: 0 | S42: =R42/1000 -> 0 | T42: =IF(SUMIFS($P$3:$P$20000,$D$3:$D$20000,$D42,$E$3:$E$20000,$E42)=0,0,P42/SUMIFS($P$3:$P$20000,$D$3:$D$20000,$D42,$E$3:$E$20000,$E42)) -> 0 | U42: =IF(SUMIFS($R$3:$R$20000,$D$3:$D$20000,$D42,$E$3:$E$20000,$E42)=0,0,R42/SUMIFS($R$3:$R$20000,$D$3:$D$20000,$D42,$E$3:$E$20000,$E42)) -> 0 | V42: 91177537 | W42: 167120 | X42: 25954646 | Y42: 198003 | Z42: 18 | AA42: Ta|2021|W|18
A43: Ta|2021|16 | B43: MNRL0026 | C43: 탄탈륨 | D43: Ta | E43: 2021 | F43: 16 | G43: BE | H43: 벨기에 | I43: Belgium | J43: 4596 | K43: =J43/1000 -> 4.596 | L43: 1 | M43: =L43/1000 -> 0.001 | N43: =IF(SUMIFS($J$3:$J$20000,$D$3:$D$20000,$D43,$E$3:$E$20000,$E43)=0,0,J43/SUMIFS($J$3:$J$20000,$D$3:$D$20000,$D43,$E$3:$E$20000,$E43)) -> 5.0407152e-05 | O43: =IF(SUMIFS($L$3:$L$20000,$D$3:$D$20000,$D43,$E$3:$E$20000,$E43)=0,0,L43/SUMIFS($L$3:$L$20000,$D$3:$D$20000,$D43,$E$3:$E$20000,$E43)) -> 5.9837243e-06 | P43: 0 | Q43: =P43/1000 -> 0 | R43: 0 | S43: =R43/1000 -> 0 | T43: =IF(SUMIFS($P$3:$P$20000,$D$3:$D$20000,$D43,$E$3:$E$20000,$E43)=0,0,P43/SUMIFS($P$3:$P$20000,$D$3:$D$20000,$D43,$E$3:$E$20000,$E43)) -> 0 | U43: =IF(SUMIFS($R$3:$R$20000,$D$3:$D$20000,$D43,$E$3:$E$20000,$E43)=0,0,R43/SUMIFS($R$3:$R$20000,$D$3:$D$20000,$D43,$E$3:$E$20000,$E43)) -> 0 | V43: 91177537 | W43: 167120 | X43: 25954646 | Y43: 198003 | Z43: 19 | AA43: Ta|2021|W|19
A44: Ta|2021|17 | B44: MNRL0026 | C44: 탄탈륨 | D44: Ta | E44: 2021 | F44: 17 | G44: NL | H44: 네덜란드 | I44: Netherlands | J44: 3681 | K44: =J44/1000 -> 3.681 | L44: 0 | M44: =L44/1000 -> 0 | N44: =IF(SUMIFS($J$3:$J$20000,$D$3:$D$20000,$D44,$E$3:$E$20000,$E44)=0,0,J44/SUMIFS($J$3:$J$20000,$D$3:$D$20000,$D44,$E$3:$E$20000,$E44)) -> 4.0371786e-05 | O44: =IF(SUMIFS($L$3:$L$20000,$D$3:$D$20000,$D44,$E$3:$E$20000,$E44)=0,0,L44/SUMIFS($L$3:$L$20000,$D$3:$D$20000,$D44,$E$3:$E$20000,$E44)) -> 0 | P44: 0 | Q44: =P44/1000 -> 0 | R44: 0 | S44: =R44/1000 -> 0 | T44: =IF(SUMIFS($P$3:$P$20000,$D$3:$D$20000,$D44,$E$3:$E$20000,$E44)=0,0,P44/SUMIFS($P$3:$P$20000,$D$3:$D$20000,$D44,$E$3:$E$20000,$E44)) -> 0 | U44: =IF(SUMIFS($R$3:$R$20000,$D$3:$D$20000,$D44,$E$3:$E$20000,$E44)=0,0,R44/SUMIFS($R$3:$R$20000,$D$3:$D$20000,$D44,$E$3:$E$20000,$E44)) -> 0 | V44: 91177537 | W44: 167120 | X44: 25954646 | Y44: 198003 | Z44: 21 | AA44: Ta|2021|W|21
A45: Ta|2021|18 | B45: MNRL0026 | C45: 탄탈륨 | D45: Ta | E45: 2021 | F45: 18 | G45: TW | H45: 대만 | I45: Taiwan | J45: 3051 | K45: =J45/1000 -> 3.051 | L45: 40 | M45: =L45/1000 -> 0.04 | N45: =IF(SUMIFS($J$3:$J$20000,$D$3:$D$20000,$D45,$E$3:$E$20000,$E45)=0,0,J45/SUMIFS($J$3:$J$20000,$D$3:$D$20000,$D45,$E$3:$E$20000,$E45)) -> 3.3462189e-05 | O45: =IF(SUMIFS($L$3:$L$20000,$D$3:$D$20000,$D45,$E$3:$E$20000,$E45)=0,0,L45/SUMIFS($L$3:$L$20000,$D$3:$D$20000,$D45,$E$3:$E$20000,$E45)) -> 0.00023934897 | P45: 3717842 | Q45: =P45/1000 -> 3717.842 | R45: 32326 | S45: =R45/1000 -> 32.326 | T45: =IF(SUMIFS($P$3:$P$20000,$D$3:$D$20000,$D45,$E$3:$E$20000,$E45)=0,0,P45/SUMIFS($P$3:$P$20000,$D$3:$D$20000,$D45,$E$3:$E$20000,$E45)) -> 0.1432438 | U45: =IF(SUMIFS($R$3:$R$20000,$D$3:$D$20000,$D45,$E$3:$E$20000,$E45)=0,0,R45/SUMIFS($R$3:$R$20000,$D$3:$D$20000,$D45,$E$3:$E$20000,$E45)) -> 0.16326015 | V45: 91177537 | W45: 167120 | X45: 25954646 | Y45: 198003 | Z45: 13 | AA45: Ta|2021|W|13
A46: Ta|2021|19 | B46: MNRL0026 | C46: 탄탈륨 | D46: Ta | E46: 2021 | F46: 19 | G46: CH | H46: 스위스 | I46: Swiss | J46: 1986 | K46: =J46/1000 -> 1.986 | L46: 1 | M46: =L46/1000 -> 0.001 | N46: =IF(SUMIFS($J$3:$J$20000,$D$3:$D$20000,$D46,$E$3:$E$20000,$E46)=0,0,J46/SUMIFS($J$3:$J$20000,$D$3:$D$20000,$D46,$E$3:$E$20000,$E46)) -> 2.1781681e-05 | O46: =IF(SUMIFS($L$3:$L$20000,$D$3:$D$20000,$D46,$E$3:$E$20000,$E46)=0,0,L46/SUMIFS($L$3:$L$20000,$D$3:$D$20000,$D46,$E$3:$E$20000,$E46)) -> 5.9837243e-06 | P46: 0 | Q46: =P46/1000 -> 0 | R46: 0 | S46: =R46/1000 -> 0 | T46: =IF(SUMIFS($P$3:$P$20000,$D$3:$D$20000,$D46,$E$3:$E$20000,$E46)=0,0,P46/SUMIFS($P$3:$P$20000,$D$3:$D$20000,$D46,$E$3:$E$20000,$E46)) -> 0 | U46: =IF(SUMIFS($R$3:$R$20000,$D$3:$D$20000,$D46,$E$3:$E$20000,$E46)=0,0,R46/SUMIFS($R$3:$R$20000,$D$3:$D$20000,$D46,$E$3:$E$20000,$E46)) -> 0 | V46: 91177537 | W46: 167120 | X46: 25954646 | Y46: 198003 | Z46: 20 | AA46: Ta|2021|W|20
A47: Ta|2021|20 | B47: MNRL0026 | C47: 탄탈륨 | D47: Ta | E47: 2021 | F47: 20 | G47: IT | H47: 이탈리아 | I47: Italia | J47: 401 | K47: =J47/1000 -> 0.401 | L47: 2 | M47: =L47/1000 -> 0.002 | N47: =IF(SUMIFS($J$3:$J$20000,$D$3:$D$20000,$D47,$E$3:$E$20000,$E47)=0,0,J47/SUMIFS($J$3:$J$20000,$D$3:$D$20000,$D47,$E$3:$E$20000,$E47)) -> 4.3980131e-06 | O47: =IF(SUMIFS($L$3:$L$20000,$D$3:$D$20000,$D47,$E$3:$E$20000,$E47)=0,0,L47/SUMIFS($L$3:$L$20000,$D$3:$D$20000,$D47,$E$3:$E$20000,$E47)) -> 1.1967449e-05 | P47: 0 | Q47: =P47/1000 -> 0 | R47: 0 | S47: =R47/1000 -> 0 | T47: =IF(SUMIFS($P$3:$P$20000,$D$3:$D$20000,$D47,$E$3:$E$20000,$E47)=0,0,P47/SUMIFS($P$3:$P$20000,$D$3:$D$20000,$D47,$E$3:$E$20000,$E47)) -> 0 | U47: =IF(SUMIFS($R$3:$R$20000,$D$3:$D$20000,$D47,$E$3:$E$20000,$E47)=0,0,R47/SUMIFS($R$3:$R$20000,$D$3:$D$20000,$D47,$E$3:$E$20000,$E47)) -> 0 | V47: 91177537 | W47: 167120 | X47: 25954646 | Y47: 198003 | Z47: 17 | AA47: Ta|2021|W|17
A48: Ta|2021|21 | B48: MNRL0026 | C48: 탄탈륨 | D48: Ta | E48: 2021 | F48: 21 | G48: LT | H48: 리투아니아 | J48: 384 | K48: =J48/1000 -> 0.384 | L48: 0 | M48: =L48/1000 -> 0 | N48: =IF(SUMIFS($J$3:$J$20000,$D$3:$D$20000,$D48,$E$3:$E$20000,$E48)=0,0,J48/SUMIFS($J$3:$J$20000,$D$3:$D$20000,$D48,$E$3:$E$20000,$E48)) -> 4.2115636e-06 | O48: =IF(SUMIFS($L$3:$L$20000,$D$3:$D$20000,$D48,$E$3:$E$20000,$E48)=0,0,L48/SUMIFS($L$3:$L$20000,$D$3:$D$20000,$D48,$E$3:$E$20000,$E48)) -> 0 | P48: 0 | Q48: =P48/1000 -> 0 | R48: 0 | S48: =R48/1000 -> 0 | T48: =IF(SUMIFS($P$3:$P$20000,$D$3:$D$20000,$D48,$E$3:$E$20000,$E48)=0,0,P48/SUMIFS($P$3:$P$20000,$D$3:$D$20000,$D48,$E$3:$E$20000,$E48)) -> 0 | U48: =IF(SUMIFS($R$3:$R$20000,$D$3:$D$20000,$D48,$E$3:$E$20000,$E48)=0,0,R48/SUMIFS($R$3:$R$20000,$D$3:$D$20000,$D48,$E$3:$E$20000,$E48)) -> 0 | V48: 91177537 | W48: 167120 | X48: 25954646 | Y48: 198003 | Z48: 22 | AA48: Ta|2021|W|22
A49: Ta|2021|22 | B49: MNRL0026 | C49: 탄탈륨 | D49: Ta | E49: 2021 | F49: 22 | G49: KE | H49: 케냐 | J49: 130 | K49: =J49/1000 -> 0.13 | L49: 5 | M49: =L49/1000 -> 0.005 | N49: =IF(SUMIFS($J$3:$J$20000,$D$3:$D$20000,$D49,$E$3:$E$20000,$E49)=0,0,J49/SUMIFS($J$3:$J$20000,$D$3:$D$20000,$D49,$E$3:$E$20000,$E49)) -> 1.4257898e-06 | O49: =IF(SUMIFS($L$3:$L$20000,$D$3:$D$20000,$D49,$E$3:$E$20000,$E49)=0,0,L49/SUMIFS($L$3:$L$20000,$D$3:$D$20000,$D49,$E$3:$E$20000,$E49)) -> 2.9918621e-05 | P49: 0 | Q49: =P49/1000 -> 0 | R49: 0 | S49: =R49/1000 -> 0 | T49: =IF(SUMIFS($P$3:$P$20000,$D$3:$D$20000,$D49,$E$3:$E$20000,$E49)=0,0,P49/SUMIFS($P$3:$P$20000,$D$3:$D$20000,$D49,$E$3:$E$20000,$E49)) -> 0 | U49: =IF(SUMIFS($R$3:$R$20000,$D$3:$D$20000,$D49,$E$3:$E$20000,$E49)=0,0,R49/SUMIFS($R$3:$R$20000,$D$3:$D$20000,$D49,$E$3:$E$20000,$E49)) -> 0 | V49: 91177537 | W49: 167120 | X49: 25954646 | Y49: 198003 | Z49: 15 | AA49: Ta|2021|W|15
A50: Ta|2021|23 | B50: MNRL0026 | C50: 탄탈륨 | D50: Ta | E50: 2021 | F50: 23 | G50: KZ | H50: 카자흐스탄 | I50: Kazakhstan | J50: 0 | K50: =J50/1000 -> 0 | L50: 0 | M50: =L50/1000 -> 0 | N50: =IF(SUMIFS($J$3:$J$20000,$D$3:$D$20000,$D50,$E$3:$E$20000,$E50)=0,0,J50/SUMIFS($J$3:$J$20000,$D$3:$D$20000,$D50,$E$3:$E$20000,$E50)) -> 0 | O50: =IF(SUMIFS($L$3:$L$20000,$D$3:$D$20000,$D50,$E$3:$E$20000,$E50)=0,0,L50/SUMIFS($L$3:$L$20000,$D$3:$D$20000,$D50,$E$3:$E$20000,$E50)) -> 0 | P50: 3124469 | Q50: =P50/1000 -> 3124.469 | R50: 15568 | S50: =R50/1000 -> 15.568 | T50: =IF(SUMIFS($P$3:$P$20000,$D$3:$D$20000,$D50,$E$3:$E$20000,$E50)=0,0,P50/SUMIFS($P$3:$P$20000,$D$3:$D$20000,$D50,$E$3:$E$20000,$E50)) -> 0.12038188 | U50: =IF(SUMIFS($R$3:$R$20000,$D$3:$D$20000,$D50,$E$3:$E$20000,$E50)=0,0,R50/SUMIFS($R$3:$R$20000,$D$3:$D$20000,$D50,$E$3:$E$20000,$E50)) -> 0.078625071 | V50: 91177537 | W50: 167120 | X50: 25954646 | Y50: 198003 | Z50: 23 | AA50: Ta|2021|W|23
A51: Ta|2021|24 | B51: MNRL0026 | C51: 탄탈륨 | D51: Ta | E51: 2021 | F51: 24 | G51: IN | H51: 인도 | J51: 0 | K51: =J51/1000 -> 0 | L51: 0 | M51: =L51/1000 -> 0 | N51: =IF(SUMIFS($J$3:$J$20000,$D$3:$D$20000,$D51,$E$3:$E$20000,$E51)=0,0,J51/SUMIFS($J$3:$J$20000,$D$3:$D$20000,$D51,$E$3:$E$20000,$E51)) -> 0 | O51: =IF(SUMIFS($L$3:$L$20000,$D$3:$D$20000,$D51,$E$3:$E$20000,$E51)=0,0,L51/SUMIFS($L$3:$L$20000,$D$3:$D$20000,$D51,$E$3:$E$20000,$E51)) -> 0 | P51: 1660 | Q51: =P51/1000 -> 1.66 | R51: 3 | S51: =R51/1000 -> 0.003 | T51: =IF(SUMIFS($P$3:$P$20000,$D$3:$D$20000,$D51,$E$3:$E$20000,$E51)=0,0,P51/SUMIFS($P$3:$P$20000,$D$3:$D$20000,$D51,$E$3:$E$20000,$E51)) -> 6.3957721e-05 | U51: =IF(SUMIFS($R$3:$R$20000,$D$3:$D$20000,$D51,$E$3:$E$20000,$E51)=0,0,R51/SUMIFS($R$3:$R$20000,$D$3:$D$20000,$D51,$E$3:$E$20000,$E51)) -> 1.5151286e-05 | V51: 91177537 | W51: 167120 | X51: 25954646 | Y51: 198003 | Z51: 24 | AA51: Ta|2021|W|24
A52: Ta|2021|25 | B52: MNRL0026 | C52: 탄탈륨 | D52: Ta | E52: 2021 | F52: 25 | G52: VN | H52: 베트남 | I52: Vietnam | J52: 0 | K52: =J52/1000 -> 0 | L52: 0 | M52: =L52/1000 -> 0 | N52: =IF(SUMIFS($J$3:$J$20000,$D$3:$D$20000,$D52,$E$3:$E$20000,$E52)=0,0,J52/SUMIFS($J$3:$J$20000,$D$3:$D$20000,$D52,$E$3:$E$20000,$E52)) -> 0 | O52: =IF(SUMIFS($L$3:$L$20000,$D$3:$D$20000,$D52,$E$3:$E$20000,$E52)=0,0,L52/SUMIFS($L$3:$L$20000,$D$3:$D$20000,$D52,$E$3:$E$20000,$E52)) -> 0 | P52: 5040 | Q52: =P52/1000 -> 5.04 | R52: 0 | S52: =R52/1000 -> 0 | T52: =IF(SUMIFS($P$3:$P$20000,$D$3:$D$20000,$D52,$E$3:$E$20000,$E52)=0,0,P52/SUMIFS($P$3:$P$20000,$D$3:$D$20000,$D52,$E$3:$E$20000,$E52)) -> 0.00019418489 | U52: =IF(SUMIFS($R$3:$R$20000,$D$3:$D$20000,$D52,$E$3:$E$20000,$E52)=0,0,R52/SUMIFS($R$3:$R$20000,$D$3:$D$20000,$D52,$E$3:$E$20000,$E52)) -> 0 | V52: 91177537 | W52: 167120 | X52: 25954646 | Y52: 198003 | Z52: 25 | AA52: Ta|2021|W|25
A53: Ta|2022|1 | B53: MNRL0026 | C53: 탄탈륨 | D53: Ta | E53: 2022 | F53: 1 | G53: US | H53: 미국 | I53: United States of America | J53: 57781232 | K53: =J53/1000 -> 57781.232 | L53: 78226 | M53: =L53/1000 -> 78.226 | N53: =IF(SUMIFS($J$3:$J$20000,$D$3:$D$20000,$D53,$E$3:$E$20000,$E53)=0,0,J53/SUMIFS($J$3:$J$20000,$D$3:$D$20000,$D53,$E$3:$E$20000,$E53)) -> 0.51676199 | O53: =IF(SUMIFS($L$3:$L$20000,$D$3:$D$20000,$D53,$E$3:$E$20000,$E53)=0,0,L53/SUMIFS($L$3:$L$20000,$D$3:$D$20000,$D53,$E$3:$E$20000,$E53)) -> 0.37491493 | P53: 6080615 | Q53: =P53/1000 -> 6080.615 | R53: 53979 | S53: =R53/1000 -> 53.979 | T53: =IF(SUMIFS($P$3:$P$20000,$D$3:$D$20000,$D53,$E$3:$E$20000,$E53)=0,0,P53/SUMIFS($P$3:$P$20000,$D$3:$D$20000,$D53,$E$3:$E$20000,$E53)) -> 0.20490616 | U53: =IF(SUMIFS($R$3:$R$20000,$D$3:$D$20000,$D53,$E$3:$E$20000,$E53)=0,0,R53/SUMIFS($R$3:$R$20000,$D$3:$D$20000,$D53,$E$3:$E$20000,$E53)) -> 0.34959134 | V53: 111814013 | W53: 208650 | X53: 29675121 | Y53: 154406 | Z53: 1 | AA53: Ta|2022|W|1
A54: Ta|2022|2 | B54: MNRL0026 | C54: 탄탈륨 | D54: Ta | E54: 2022 | F54: 2 | G54: JP | H54: 일본 | I54: Japan | J54: 28271520 | K54: =J54/1000 -> 28271.52 | L54: 70156 | M54: =L54/1000 -> 70.156 | N54: =IF(SUMIFS($J$3:$J$20000,$D$3:$D$20000,$D54,$E$3:$E$20000,$E54)=0,0,J54/SUMIFS($J$3:$J$20000,$D$3:$D$20000,$D54,$E$3:$E$20000,$E54)) -> 0.25284416 | O54: =IF(SUMIFS($L$3:$L$20000,$D$3:$D$20000,$D54,$E$3:$E$20000,$E54)=0,0,L54/SUMIFS($L$3:$L$20000,$D$3:$D$20000,$D54,$E$3:$E$20000,$E54)) -> 0.33623772 | P54: 1305180 | Q54: =P54/1000 -> 1305.18 | R54: 22018 | S54: =R54/1000 -> 22.018 | T54: =IF(SUMIFS($P$3:$P$20000,$D$3:$D$20000,$D54,$E$3:$E$20000,$E54)=0,0,P54/SUMIFS($P$3:$P$20000,$D$3:$D$20000,$D54,$E$3:$E$20000,$E54)) -> 0.043982297 | U54: =IF(SUMIFS($R$3:$R$20000,$D$3:$D$20000,$D54,$E$3:$E$20000,$E54)=0,0,R54/SUMIFS($R$3:$R$20000,$D$3:$D$20000,$D54,$E$3:$E$20000,$E54)) -> 0.14259809 | V54: 111814013 | W54: 208650 | X54: 29675121 | Y54: 154406 | Z54: 2 | AA54: Ta|2022|W|2
A55: Ta|2022|3 | B55: MNRL0026 | C55: 탄탈륨 | D55: Ta | E55: 2022 | F55: 3 | G55: CN | H55: 중국 | I55: China | J55: 22093345 | K55: =J55/1000 -> 22093.345 | L55: 55806 | M55: =L55/1000 -> 55.806 | N55: =IF(SUMIFS($J$3:$J$20000,$D$3:$D$20000,$D55,$E$3:$E$20000,$E55)=0,0,J55/SUMIFS($J$3:$J$20000,$D$3:$D$20000,$D55,$E$3:$E$20000,$E55)) -> 0.19759013 | O55: =IF(SUMIFS($L$3:$L$20000,$D$3:$D$20000,$D55,$E$3:$E$20000,$E55)=0,0,L55/SUMIFS($L$3:$L$20000,$D$3:$D$20000,$D55,$E$3:$E$20000,$E55)) -> 0.26746226 | P55: 14227059 | Q55: =P55/1000 -> 14227.059 | R55: 36478 | S55: =R55/1000 -> 36.478 | T55: =IF(SUMIFS($P$3:$P$20000,$D$3:$D$20000,$D55,$E$3:$E$20000,$E55)=0,0,P55/SUMIFS($P$3:$P$20000,$D$3:$D$20000,$D55,$E$3:$E$20000,$E55)) -> 0.47942716 | U55: =IF(SUMIFS($R$3:$R$20000,$D$3:$D$20000,$D55,$E$3:$E$20000,$E55)=0,0,R55/SUMIFS($R$3:$R$20000,$D$3:$D$20000,$D55,$E$3:$E$20000,$E55)) -> 0.2362473 | V55: 111814013 | W55: 208650 | X55: 29675121 | Y55: 154406 | Z55: 3 | AA55: Ta|2022|W|3
A56: Ta|2022|4 | B56: MNRL0026 | C56: 탄탈륨 | D56: Ta | E56: 2022 | F56: 4 | G56: CA | H56: 캐나다 | I56: Canada | J56: 2454000 | K56: =J56/1000 -> 2454 | L56: 1050 | M56: =L56/1000 -> 1.05 | N56: =IF(SUMIFS($J$3:$J$20000,$D$3:$D$20000,$D56,$E$3:$E$20000,$E56)=0,0,J56/SUMIFS($J$3:$J$20000,$D$3:$D$20000,$D56,$E$3:$E$20000,$E56)) -> 0.02194716 | O56: =IF(SUMIFS($L$3:$L$20000,$D$3:$D$20000,$D56,$E$3:$E$20000,$E56)=0,0,L56/SUMIFS($L$3:$L$20000,$D$3:$D$20000,$D56,$E$3:$E$20000,$E56)) -> 0.0050323508 | P56: 0 | Q56: =P56/1000 -> 0 | R56: 0 | S56: =R56/1000 -> 0 | T56: =IF(SUMIFS($P$3:$P$20000,$D$3:$D$20000,$D56,$E$3:$E$20000,$E56)=0,0,P56/SUMIFS($P$3:$P$20000,$D$3:$D$20000,$D56,$E$3:$E$20000,$E56)) -> 0 | U56: =IF(SUMIFS($R$3:$R$20000,$D$3:$D$20000,$D56,$E$3:$E$20000,$E56)=0,0,R56/SUMIFS($R$3:$R$20000,$D$3:$D$20000,$D56,$E$3:$E$20000,$E56)) -> 0 | V56: 111814013 | W56: 208650 | X56: 29675121 | Y56: 154406 | Z56: 5 | AA56: Ta|2022|W|5
A57: Ta|2022|5 | B57: MNRL0026 | C57: 탄탈륨 | D57: Ta | E57: 2022 | F57: 5 | G57: AT | H57: 오스트리아 | I57: Austria | J57: 283862 | K57: =J57/1000 -> 283.862 | L57: 293 | M57: =L57/1000 -> 0.293 | N57: =IF(SUMIFS($J$3:$J$20000,$D$3:$D$20000,$D57,$E$3:$E$20000,$E57)=0,0,J57/SUMIFS($J$3:$J$20000,$D$3:$D$20000,$D57,$E$3:$E$20000,$E57)) -> 0.0025386979 | O57: =IF(SUMIFS($L$3:$L$20000,$D$3:$D$20000,$D57,$E$3:$E$20000,$E57)=0,0,L57/SUMIFS($L$3:$L$20000,$D$3:$D$20000,$D57,$E$3:$E$20000,$E57)) -> 0.0014042655 | P57: 0 | Q57: =P57/1000 -> 0 | R57: 0 | S57: =R57/1000 -> 0 | T57: =IF(SUMIFS($P$3:$P$20000,$D$3:$D$20000,$D57,$E$3:$E$20000,$E57)=0,0,P57/SUMIFS($P$3:$P$20000,$D$3:$D$20000,$D57,$E$3:$E$20000,$E57)) -> 0 | U57: =IF(SUMIFS($R$3:$R$20000,$D$3:$D$20000,$D57,$E$3:$E$20000,$E57)=0,0,R57/SUMIFS($R$3:$R$20000,$D$3:$D$20000,$D57,$E$3:$E$20000,$E57)) -> 0 | V57: 111814013 | W57: 208650 | X57: 29675121 | Y57: 154406 | Z57: 8 | AA57: Ta|2022|W|8
A58: Ta|2022|6 | B58: MNRL0026 | C58: 탄탈륨 | D58: Ta | E58: 2022 | F58: 6 | G58: TW | H58: 대만 | I58: Taiwan | J58: 252975 | K58: =J58/1000 -> 252.975 | L58: 1289 | M58: =L58/1000 -> 1.289 | N58: =IF(SUMIFS($J$3:$J$20000,$D$3:$D$20000,$D58,$E$3:$E$20000,$E58)=0,0,J58/SUMIFS($J$3:$J$20000,$D$3:$D$20000,$D58,$E$3:$E$20000,$E58)) -> 0.0022624624 | O58: =IF(SUMIFS($L$3:$L$20000,$D$3:$D$20000,$D58,$E$3:$E$20000,$E58)=0,0,L58/SUMIFS($L$3:$L$20000,$D$3:$D$20000,$D58,$E$3:$E$20000,$E58)) -> 0.0061778097 | P58: 1793234 | Q58: =P58/1000 -> 1793.234 | R58: 12658 | S58: =R58/1000 -> 12.658 | T58: =IF(SUMIFS($P$3:$P$20000,$D$3:$D$20000,$D58,$E$3:$E$20000,$E58)=0,0,P58/SUMIFS($P$3:$P$20000,$D$3:$D$20000,$D58,$E$3:$E$20000,$E58)) -> 0.060428869 | U58: =IF(SUMIFS($R$3:$R$20000,$D$3:$D$20000,$D58,$E$3:$E$20000,$E58)=0,0,R58/SUMIFS($R$3:$R$20000,$D$3:$D$20000,$D58,$E$3:$E$20000,$E58)) -> 0.08197868 | V58: 111814013 | W58: 208650 | X58: 29675121 | Y58: 154406 | Z58: 4 | AA58: Ta|2022|W|4
A59: Ta|2022|7 | B59: MNRL0026 | C59: 탄탈륨 | D59: Ta | E59: 2022 | F59: 7 | G59: RU | H59: 러시아 | I59: Russia | J59: 230000 | K59: =J59/1000 -> 230 | L59: 1000 | M59: =L59/1000 -> 1 | N59: =IF(SUMIFS($J$3:$J$20000,$D$3:$D$20000,$D59,$E$3:$E$20000,$E59)=0,0,J59/SUMIFS($J$3:$J$20000,$D$3:$D$20000,$D59,$E$3:$E$20000,$E59)) -> 0.0020569873 | O59: =IF(SUMIFS($L$3:$L$20000,$D$3:$D$20000,$D59,$E$3:$E$20000,$E59)=0,0,L59/SUMIFS($L$3:$L$20000,$D$3:$D$20000,$D59,$E$3:$E$20000,$E59)) -> 0.0047927151 | P59: 0 | Q59: =P59/1000 -> 0 | R59: 0 | S59: =R59/1000 -> 0 | T59: =IF(SUMIFS($P$3:$P$20000,$D$3:$D$20000,$D59,$E$3:$E$20000,$E59)=0,0,P59/SUMIFS($P$3:$P$20000,$D$3:$D$20000,$D59,$E$3:$E$20000,$E59)) -> 0 | U59: =IF(SUMIFS($R$3:$R$20000,$D$3:$D$20000,$D59,$E$3:$E$20000,$E59)=0,0,R59/SUMIFS($R$3:$R$20000,$D$3:$D$20000,$D59,$E$3:$E$20000,$E59)) -> 0 | V59: 111814013 | W59: 208650 | X59: 29675121 | Y59: 154406 | Z59: 6 | AA59: Ta|2022|W|6
A60: Ta|2022|8 | B60: MNRL0026 | C60: 탄탈륨 | D60: Ta | E60: 2022 | F60: 8 | G60: FR | H60: 프랑스 | I60: France | J60: 193377 | K60: =J60/1000 -> 193.377 | L60: 230 | M60: =L60/1000 -> 0.23 | N60: =IF(SUMIFS($J$3:$J$20000,$D$3:$D$20000,$D60,$E$3:$E$20000,$E60)=0,0,J60/SUMIFS($J$3:$J$20000,$D$3:$D$20000,$D60,$E$3:$E$20000,$E60)) -> 0.0017294523 | O60: =IF(SUMIFS($L$3:$L$20000,$D$3:$D$20000,$D60,$E$3:$E$20000,$E60)=0,0,L60/SUMIFS($L$3:$L$20000,$D$3:$D$20000,$D60,$E$3:$E$20000,$E60)) -> 0.0011023245 | P60: 126006 | Q60: =P60/1000 -> 126.006 | R60: 412 | S60: =R60/1000 -> 0.412 | T60: =IF(SUMIFS($P$3:$P$20000,$D$3:$D$20000,$D60,$E$3:$E$20000,$E60)=0,0,P60/SUMIFS($P$3:$P$20000,$D$3:$D$20000,$D60,$E$3:$E$20000,$E60)) -> 0.0042461832 | U60: =IF(SUMIFS($R$3:$R$20000,$D$3:$D$20000,$D60,$E$3:$E$20000,$E60)=0,0,R60/SUMIFS($R$3:$R$20000,$D$3:$D$20000,$D60,$E$3:$E$20000,$E60)) -> 0.0026682901 | V60: 111814013 | W60: 208650 | X60: 29675121 | Y60: 154406 | Z60: 9 | AA60: Ta|2022|W|9
A61: Ta|2022|9 | B61: MNRL0026 | C61: 탄탈륨 | D61: Ta | E61: 2022 | F61: 9 | G61: EE | H61: 에스토니아 | I61: Estonia | J61: 162476 | K61: =J61/1000 -> 162.476 | L61: 302 | M61: =L61/1000 -> 0.302 | N61: =IF(SUMIFS($J$3:$J$20000,$D$3:$D$20000,$D61,$E$3:$E$20000,$E61)=0,0,J61/SUMIFS($J$3:$J$20000,$D$3:$D$20000,$D61,$E$3:$E$20000,$E61)) -> 0.0014530916 | O61: =IF(SUMIFS($L$3:$L$20000,$D$3:$D$20000,$D61,$E$3:$E$20000,$E61)=0,0,L61/SUMIFS($L$3:$L$20000,$D$3:$D$20000,$D61,$E$3:$E$20000,$E61)) -> 0.0014474 | P61: 0 | Q61: =P61/1000 -> 0 | R61: 0 | S61: =R61/1000 -> 0 | T61: =IF(SUMIFS($P$3:$P$20000,$D$3:$D$20000,$D61,$E$3:$E$20000,$E61)=0,0,P61/SUMIFS($P$3:$P$20000,$D$3:$D$20000,$D61,$E$3:$E$20000,$E61)) -> 0 | U61: =IF(SUMIFS($R$3:$R$20000,$D$3:$D$20000,$D61,$E$3:$E$20000,$E61)=0,0,R61/SUMIFS($R$3:$R$20000,$D$3:$D$20000,$D61,$E$3:$E$20000,$E61)) -> 0 | V61: 111814013 | W61: 208650 | X61: 29675121 | Y61: 154406 | Z61: 7 | AA61: Ta|2022|W|7
A62: Ta|2022|10 | B62: MNRL0026 | C62: 탄탈륨 | D62: Ta | E62: 2022 | F62: 10 | G62: DE | H62: 독일 | I62: Germany | J62: 28051 | K62: =J62/1000 -> 28.051 | L62: 35 | M62: =L62/1000 -> 0.035 | N62: =IF(SUMIFS($J$3:$J$20000,$D$3:$D$20000,$D62,$E$3:$E$20000,$E62)=0,0,J62/SUMIFS($J$3:$J$20000,$D$3:$D$20000,$D62,$E$3:$E$20000,$E62)) -> 0.00025087195 | O62: =IF(SUMIFS($L$3:$L$20000,$D$3:$D$20000,$D62,$E$3:$E$20000,$E62)=0,0,L62/SUMIFS($L$3:$L$20000,$D$3:$D$20000,$D62,$E$3:$E$20000,$E62)) -> 0.00016774503 | P62: 1532077 | Q62: =P62/1000 -> 1532.077 | R62: 8113 | S62: =R62/1000 -> 8.113 | T62: =IF(SUMIFS($P$3:$P$20000,$D$3:$D$20000,$D62,$E$3:$E$20000,$E62)=0,0,P62/SUMIFS($P$3:$P$20000,$D$3:$D$20000,$D62,$E$3:$E$20000,$E62)) -> 0.051628332 | U62: =IF(SUMIFS($R$3:$R$20000,$D$3:$D$20000,$D62,$E$3:$E$20000,$E62)=0,0,R62/SUMIFS($R$3:$R$20000,$D$3:$D$20000,$D62,$E$3:$E$20000,$E62)) -> 0.052543295 | V62: 111814013 | W62: 208650 | X62: 29675121 | Y62: 154406 | Z62: 11 | AA62: Ta|2022|W|11
A63: Ta|2022|11 | B63: MNRL0026 | C63: 탄탈륨 | D63: Ta | E63: 2022 | F63: 11 | G63: DK | H63: 덴마크 | I63: Denmark | J63: 17813 | K63: =J63/1000 -> 17.813 | L63: 28 | M63: =L63/1000 -> 0.028 | N63: =IF(SUMIFS($J$3:$J$20000,$D$3:$D$20000,$D63,$E$3:$E$20000,$E63)=0,0,J63/SUMIFS($J$3:$J$20000,$D$3:$D$20000,$D63,$E$3:$E$20000,$E63)) -> 0.00015930919 | O63: =IF(SUMIFS($L$3:$L$20000,$D$3:$D$20000,$D63,$E$3:$E$20000,$E63)=0,0,L63/SUMIFS($L$3:$L$20000,$D$3:$D$20000,$D63,$E$3:$E$20000,$E63)) -> 0.00013419602 | P63: 58118 | Q63: =P63/1000 -> 58.118 | R63: 17 | S63: =R63/1000 -> 0.017 | T63: =IF(SUMIFS($P$3:$P$20000,$D$3:$D$20000,$D63,$E$3:$E$20000,$E63)=0,0,P63/SUMIFS($P$3:$P$20000,$D$3:$D$20000,$D63,$E$3:$E$20000,$E63)) -> 0.0019584756 | U63: =IF(SUMIFS($R$3:$R$20000,$D$3:$D$20000,$D63,$E$3:$E$20000,$E63)=0,0,R63/SUMIFS($R$3:$R$20000,$D$3:$D$20000,$D63,$E$3:$E$20000,$E63)) -> 0.00011009935 | V63: 111814013 | W63: 208650 | X63: 29675121 | Y63: 154406 | Z63: 13 | AA63: Ta|2022|W|13
... A70: Ta|2022|18 | B70: MNRL0026 | C70: 탄탈륨 | D70: Ta | E70: 2022 | F70: 18 | G70: VN | H70: 베트남 | I70: Vietnam | J70: 10 | K70: =J70/1000 -> 0.01 | L70: 0 | M70: =L70/1000 -> 0 | N70: =IF(SUMIFS($J$3:$J$20000,$D$3:$D$20000,$D70,$E$3:$E$20000,$E70)=0,0,J70/SUMIFS($J$3:$J$20000,$D$3:$D$20000,$D70,$E$3:$E$20000,$E70)) -> 8.9434229e-08 | O70: =IF(SUMIFS($L$3:$L$20000,$D$3:$D$20000,$D70,$E$3:$E$20000,$E70)=0,0,L70/SUMIFS($L$3:$L$20000,$D$3:$D$20000,$D70,$E$3:$E$20000,$E70)) -> 0 | P70: 0 | Q70: =P70/1000 -> 0 | R70: 0 | S70: =R70/1000 -> 0 | T70: =IF(SUMIFS($P$3:$P$20000,$D$3:$D$20000,$D70,$E$3:$E$20000,$E70)=0,0,P70/SUMIFS($P$3:$P$20000,$D$3:$D$20000,$D70,$E$3:$E$20000,$E70)) -> 0 | U70: =IF(SUMIFS($R$3:$R$20000,$D$3:$D$20000,$D70,$E$3:$E$20000,$E70)=0,0,R70/SUMIFS($R$3:$R$20000,$D$3:$D$20000,$D70,$E$3:$E$20000,$E70)) -> 0 | V70: 111814013 | W70: 208650 | X70: 29675121 | Y70: 154406 | Z70: 18 | AA70: Ta|2022|W|18
A71: Ta|2022|19 | B71: MNRL0026 | C71: 탄탈륨 | D71: Ta | E71: 2022 | F71: 19 | G71: IN | H71: 인도 | J71: 0 | K71: =J71/1000 -> 0 | L71: 0 | M71: =L71/1000 -> 0 | N71: =IF(SUMIFS($J$3:$J$20000,$D$3:$D$20000,$D71,$E$3:$E$20000,$E71)=0,0,J71/SUMIFS($J$3:$J$20000,$D$3:$D$20000,$D71,$E$3:$E$20000,$E71)) -> 0 | O71: =IF(SUMIFS($L$3:$L$20000,$D$3:$D$20000,$D71,$E$3:$E$20000,$E71)=0,0,L71/SUMIFS($L$3:$L$20000,$D$3:$D$20000,$D71,$E$3:$E$20000,$E71)) -> 0 | P71: 220 | Q71: =P71/1000 -> 0.22 | R71: 1 | S71: =R71/1000 -> 0.001 | T71: =IF(SUMIFS($P$3:$P$20000,$D$3:$D$20000,$D71,$E$3:$E$20000,$E71)=0,0,P71/SUMIFS($P$3:$P$20000,$D$3:$D$20000,$D71,$E$3:$E$20000,$E71)) -> 7.4136176e-06 | U71: =IF(SUMIFS($R$3:$R$20000,$D$3:$D$20000,$D71,$E$3:$E$20000,$E71)=0,0,R71/SUMIFS($R$3:$R$20000,$D$3:$D$20000,$D71,$E$3:$E$20000,$E71)) -> 6.4764323e-06 | V71: 111814013 | W71: 208650 | X71: 29675121 | Y71: 154406 | Z71: 19 | AA71: Ta|2022|W|19
A72: Ta|2022|20 | B72: MNRL0026 | C72: 탄탈륨 | D72: Ta | E72: 2022 | F72: 20 | G72: KZ | H72: 카자흐스탄 | I72: Kazakhstan | J72: 0 | K72: =J72/1000 -> 0 | L72: 0 | M72: =L72/1000 -> 0 | N72: =IF(SUMIFS($J$3:$J$20000,$D$3:$D$20000,$D72,$E$3:$E$20000,$E72)=0,0,J72/SUMIFS($J$3:$J$20000,$D$3:$D$20000,$D72,$E$3:$E$20000,$E72)) -> 0 | O72: =IF(SUMIFS($L$3:$L$20000,$D$3:$D$20000,$D72,$E$3:$E$20000,$E72)=0,0,L72/SUMIFS($L$3:$L$20000,$D$3:$D$20000,$D72,$E$3:$E$20000,$E72)) -> 0 | P72: 3067004 | Q72: =P72/1000 -> 3067.004 | R72: 12844 | S72: =R72/1000 -> 12.844 | T72: =IF(SUMIFS($P$3:$P$20000,$D$3:$D$20000,$D72,$E$3:$E$20000,$E72)=0,0,P72/SUMIFS($P$3:$P$20000,$D$3:$D$20000,$D72,$E$3:$E$20000,$E72)) -> 0.1033527 | U72: =IF(SUMIFS($R$3:$R$20000,$D$3:$D$20000,$D72,$E$3:$E$20000,$E72)=0,0,R72/SUMIFS($R$3:$R$20000,$D$3:$D$20000,$D72,$E$3:$E$20000,$E72)) -> 0.083183296 | V72: 111814013 | W72: 208650 | X72: 29675121 | Y72: 154406 | Z72: 20 | AA72: Ta|2022|W|20
A73: Ta|2022|21 | B73: MNRL0026 | C73: 탄탈륨 | D73: Ta | E73: 2022 | F73: 21 | G73: ID | H73: 인도네시아 | J73: 0 | K73: =J73/1000 -> 0 | L73: 0 | M73: =L73/1000 -> 0 | N73: =IF(SUMIFS($J$3:$J$20000,$D$3:$D$20000,$D73,$E$3:$E$20000,$E73)=0,0,J73/SUMIFS($J$3:$J$20000,$D$3:$D$20000,$D73,$E$3:$E$20000,$E73)) -> 0 | O73: =IF(SUMIFS($L$3:$L$20000,$D$3:$D$20000,$D73,$E$3:$E$20000,$E73)=0,0,L73/SUMIFS($L$3:$L$20000,$D$3:$D$20000,$D73,$E$3:$E$20000,$E73)) -> 0 | P73: 22723 | Q73: =P73/1000 -> 22.723 | R73: 2 | S73: =R73/1000 -> 0.002 | T73: =IF(SUMIFS($P$3:$P$20000,$D$3:$D$20000,$D73,$E$3:$E$20000,$E73)=0,0,P73/SUMIFS($P$3:$P$20000,$D$3:$D$20000,$D73,$E$3:$E$20000,$E73)) -> 0.00076572561 | U73: =IF(SUMIFS($R$3:$R$20000,$D$3:$D$20000,$D73,$E$3:$E$20000,$E73)=0,0,R73/SUMIFS($R$3:$R$20000,$D$3:$D$20000,$D73,$E$3:$E$20000,$E73)) -> 1.2952865e-05 | V73: 111814013 | W73: 208650 | X73: 29675121 | Y73: 154406 | Z73: 21 | AA73: Ta|2022|W|21
A74: Ta|2022|22 | B74: MNRL0026 | C74: 탄탈륨 | D74: Ta | E74: 2022 | F74: 22 | G74: TH | H74: 태국 | J74: 0 | K74: =J74/1000 -> 0 | L74: 0 | M74: =L74/1000 -> 0 | N74: =IF(SUMIFS($J$3:$J$20000,$D$3:$D$20000,$D74,$E$3:$E$20000,$E74)=0,0,J74/SUMIFS($J$3:$J$20000,$D$3:$D$20000,$D74,$E$3:$E$20000,$E74)) -> 0 | O74: =IF(SUMIFS($L$3:$L$20000,$D$3:$D$20000,$D74,$E$3:$E$20000,$E74)=0,0,L74/SUMIFS($L$3:$L$20000,$D$3:$D$20000,$D74,$E$3:$E$20000,$E74)) -> 0 | P74: 581 | Q74: =P74/1000 -> 0.581 | R74: 0 | S74: =R74/1000 -> 0 | T74: =IF(SUMIFS($P$3:$P$20000,$D$3:$D$20000,$D74,$E$3:$E$20000,$E74)=0,0,P74/SUMIFS($P$3:$P$20000,$D$3:$D$20000,$D74,$E$3:$E$20000,$E74)) -> 1.957869e-05 | U74: =IF(SUMIFS($R$3:$R$20000,$D$3:$D$20000,$D74,$E$3:$E$20000,$E74)=0,0,R74/SUMIFS($R$3:$R$20000,$D$3:$D$20000,$D74,$E$3:$E$20000,$E74)) -> 0 | V74: 111814013 | W74: 208650 | X74: 29675121 | Y74: 154406 | Z74: 22 | AA74: Ta|2022|W|22
A75: Ta|2023|1 | B75: MNRL0026 | C75: 탄탈륨 | D75: Ta | E75: 2023 | F75: 1 | G75: US | H75: 미국 | I75: United States of America | J75: 47892509 | K75: =J75/1000 -> 47892.509 | L75: 57523 | M75: =L75/1000 -> 57.523 | N75: =IF(SUMIFS($J$3:$J$20000,$D$3:$D$20000,$D75,$E$3:$E$20000,$E75)=0,0,J75/SUMIFS($J$3:$J$20000,$D$3:$D$20000,$D75,$E$3:$E$20000,$E75)) -> 0.46031441 | O75: =IF(SUMIFS($L$3:$L$20000,$D$3:$D$20000,$D75,$E$3:$E$20000,$E75)=0,0,L75/SUMIFS($L$3:$L$20000,$D$3:$D$20000,$D75,$E$3:$E$20000,$E75)) -> 0.2998082 | P75: 6872582 | Q75: =P75/1000 -> 6872.582 | R75: 56720 | S75: =R75/1000 -> 56.72 | T75: =IF(SUMIFS($P$3:$P$20000,$D$3:$D$20000,$D75,$E$3:$E$20000,$E75)=0,0,P75/SUMIFS($P$3:$P$20000,$D$3:$D$20000,$D75,$E$3:$E$20000,$E75)) -> 0.29075732 | U75: =IF(SUMIFS($R$3:$R$20000,$D$3:$D$20000,$D75,$E$3:$E$20000,$E75)=0,0,R75/SUMIFS($R$3:$R$20000,$D$3:$D$20000,$D75,$E$3:$E$20000,$E75)) -> 0.32109417 | V75: 104043036 | W75: 191866 | X75: 23636832 | Y75: 176646 | Z75: 3 | AA75: Ta|2023|W|3
A76: Ta|2023|2 | B76: MNRL0026 | C76: 탄탈륨 | D76: Ta | E76: 2023 | F76: 2 | G76: JP | H76: 일본 | I76: Japan | J76: 27726239 | K76: =J76/1000 -> 27726.239 | L76: 61633 | M76: =L76/1000 -> 61.633 | N76: =IF(SUMIFS($J$3:$J$20000,$D$3:$D$20000,$D76,$E$3:$E$20000,$E76)=0,0,J76/SUMIFS($J$3:$J$20000,$D$3:$D$20000,$D76,$E$3:$E$20000,$E76)) -> 0.26648818 | O76: =IF(SUMIFS($L$3:$L$20000,$D$3:$D$20000,$D76,$E$3:$E$20000,$E76)=0,0,L76/SUMIFS($L$3:$L$20000,$D$3:$D$20000,$D76,$E$3:$E$20000,$E76)) -> 0.3212294 | P76: 1093812 | Q76: =P76/1000 -> 1093.812 | R76: 21719 | S76: =R76/1000 -> 21.719 | T76: =IF(SUMIFS($P$3:$P$20000,$D$3:$D$20000,$D76,$E$3:$E$20000,$E76)=0,0,P76/SUMIFS($P$3:$P$20000,$D$3:$D$20000,$D76,$E$3:$E$20000,$E76)) -> 0.046275745 | U76: =IF(SUMIFS($R$3:$R$20000,$D$3:$D$20000,$D76,$E$3:$E$20000,$E76)=0,0,R76/SUMIFS($R$3:$R$20000,$D$3:$D$20000,$D76,$E$3:$E$20000,$E76)) -> 0.12295212 | V76: 104043036 | W76: 191866 | X76: 23636832 | Y76: 176646 | Z76: 1 | AA76: Ta|2023|W|1
A77: Ta|2023|3 | B77: MNRL0026 | C77: 탄탈륨 | D77: Ta | E77: 2023 | F77: 3 | G77: CN | H77: 중국 | I77: China | J77: 26479765 | K77: =J77/1000 -> 26479.765 | L77: 61321 | M77: =L77/1000 -> 61.321 | N77: =IF(SUMIFS($J$3:$J$20000,$D$3:$D$20000,$D77,$E$3:$E$20000,$E77)=0,0,J77/SUMIFS($J$3:$J$20000,$D$3:$D$20000,$D77,$E$3:$E$20000,$E77)) -> 0.25450781 | O77: =IF(SUMIFS($L$3:$L$20000,$D$3:$D$20000,$D77,$E$3:$E$20000,$E77)=0,0,L77/SUMIFS($L$3:$L$20000,$D$3:$D$20000,$D77,$E$3:$E$20000,$E77)) -> 0.31960326 | P77: 8295663 | Q77: =P77/1000 -> 8295.663 | R77: 69099 | S77: =R77/1000 -> 69.099 | T77: =IF(SUMIFS($P$3:$P$20000,$D$3:$D$20000,$D77,$E$3:$E$20000,$E77)=0,0,P77/SUMIFS($P$3:$P$20000,$D$3:$D$20000,$D77,$E$3:$E$20000,$E77)) -> 0.3509634 | U77: =IF(SUMIFS($R$3:$R$20000,$D$3:$D$20000,$D77,$E$3:$E$20000,$E77)=0,0,R77/SUMIFS($R$3:$R$20000,$D$3:$D$20000,$D77,$E$3:$E$20000,$E77)) -> 0.39117217 | V77: 104043036 | W77: 191866 | X77: 23636832 | Y77: 176646 | Z77: 2 | AA77: Ta|2023|W|2
A78: Ta|2023|4 | B78: MNRL0026 | C78: 탄탈륨 | D78: Ta | E78: 2023 | F78: 4 | G78: BE | H78: 벨기에 | I78: Belgium | J78: 676814 | K78: =J78/1000 -> 676.814 | L78: 2900 | M78: =L78/1000 -> 2.9 | N78: =IF(SUMIFS($J$3:$J$20000,$D$3:$D$20000,$D78,$E$3:$E$20000,$E78)=0,0,J78/SUMIFS($J$3:$J$20000,$D$3:$D$20000,$D78,$E$3:$E$20000,$E78)) -> 0.006505135 | O78: =IF(SUMIFS($L$3:$L$20000,$D$3:$D$20000,$D78,$E$3:$E$20000,$E78)=0,0,L78/SUMIFS($L$3:$L$20000,$D$3:$D$20000,$D78,$E$3:$E$20000,$E78)) -> 0.015114715 | P78: 0 | Q78: =P78/1000 -> 0 | R78: 0 | S78: =R78/1000 -> 0 | T78: =IF(SUMIFS($P$3:$P$20000,$D$3:$D$20000,$D78,$E$3:$E$20000,$E78)=0,0,P78/SUMIFS($P$3:$P$20000,$D$3:$D$20000,$D78,$E$3:$E$20000,$E78)) -> 0 | U78: =IF(SUMIFS($R$3:$R$20000,$D$3:$D$20000,$D78,$E$3:$E$20000,$E78)=0,0,R78/SUMIFS($R$3:$R$20000,$D$3:$D$20000,$D78,$E$3:$E$20000,$E78)) -> 0 | V78: 104043036 | W78: 191866 | X78: 23636832 | Y78: 176646 | Z78: 5 | AA78: Ta|2023|W|5
A79: Ta|2023|5 | B79: MNRL0026 | C79: 탄탈륨 | D79: Ta | E79: 2023 | F79: 5 | G79: TW | H79: 대만 | I79: Taiwan | J79: 588362 | K79: =J79/1000 -> 588.362 | L79: 6213 | M79: =L79/1000 -> 6.213 | N79: =IF(SUMIFS($J$3:$J$20000,$D$3:$D$20000,$D79,$E$3:$E$20000,$E79)=0,0,J79/SUMIFS($J$3:$J$20000,$D$3:$D$20000,$D79,$E$3:$E$20000,$E79)) -> 0.0056549868 | O79: =IF(SUMIFS($L$3:$L$20000,$D$3:$D$20000,$D79,$E$3:$E$20000,$E79)=0,0,L79/SUMIFS($L$3:$L$20000,$D$3:$D$20000,$D79,$E$3:$E$20000,$E79)) -> 0.032381975 | P79: 1021343 | Q79: =P79/1000 -> 1021.343 | R79: 1325 | S79: =R79/1000 -> 1.325 | T79: =IF(SUMIFS($P$3:$P$20000,$D$3:$D$20000,$D79,$E$3:$E$20000,$E79)=0,0,P79/SUMIFS($P$3:$P$20000,$D$3:$D$20000,$D79,$E$3:$E$20000,$E79)) -> 0.043209809 | U79: =IF(SUMIFS($R$3:$R$20000,$D$3:$D$20000,$D79,$E$3:$E$20000,$E79)=0,0,R79/SUMIFS($R$3:$R$20000,$D$3:$D$20000,$D79,$E$3:$E$20000,$E79)) -> 0.0075008775 | V79: 104043036 | W79: 191866 | X79: 23636832 | Y79: 176646 | Z79: 4 | AA79: Ta|2023|W|4
A80: Ta|2023|6 | B80: MNRL0026 | C80: 탄탈륨 | D80: Ta | E80: 2023 | F80: 6 | G80: AM | H80: 아르메니아 | I80: Armenia | J80: 496000 | K80: =J80/1000 -> 496 | L80: 2000 | M80: =L80/1000 -> 2 | N80: =IF(SUMIFS($J$3:$J$20000,$D$3:$D$20000,$D80,$E$3:$E$20000,$E80)=0,0,J80/SUMIFS($J$3:$J$20000,$D$3:$D$20000,$D80,$E$3:$E$20000,$E80)) -> 0.004767258 | O80: =IF(SUMIFS($L$3:$L$20000,$D$3:$D$20000,$D80,$E$3:$E$20000,$E80)=0,0,L80/SUMIFS($L$3:$L$20000,$D$3:$D$20000,$D80,$E$3:$E$20000,$E80)) -> 0.010423942 | P80: 0 | Q80: =P80/1000 -> 0 | R80: 0 | S80: =R80/1000 -> 0 | T80: =IF(SUMIFS($P$3:$P$20000,$D$3:$D$20000,$D80,$E$3:$E$20000,$E80)=0,0,P80/SUMIFS($P$3:$P$20000,$D$3:$D$20000,$D80,$E$3:$E$20000,$E80)) -> 0 | U80: =IF(SUMIFS($R$3:$R$20000,$D$3:$D$20000,$D80,$E$3:$E$20000,$E80)=0,0,R80/SUMIFS($R$3:$R$20000,$D$3:$D$20000,$D80,$E$3:$E$20000,$E80)) -> 0 | V80: 104043036 | W80: 191866 | X80: 23636832 | Y80: 176646 | Z80: 6 | AA80: Ta|2023|W|6
A81: Ta|2023|7 | B81: MNRL0026 | C81: 탄탈륨 | D81: Ta | E81: 2023 | F81: 7 | G81: DE | H81: 독일 | I81: Germany | J81: 58776 | K81: =J81/1000 -> 58.776 | L81: 24 | M81: =L81/1000 -> 0.024 | N81: =IF(SUMIFS($J$3:$J$20000,$D$3:$D$20000,$D81,$E$3:$E$20000,$E81)=0,0,J81/SUMIFS($J$3:$J$20000,$D$3:$D$20000,$D81,$E$3:$E$20000,$E81)) -> 0.00056492008 | O81: =IF(SUMIFS($L$3:$L$20000,$D$3:$D$20000,$D81,$E$3:$E$20000,$E81)=0,0,L81/SUMIFS($L$3:$L$20000,$D$3:$D$20000,$D81,$E$3:$E$20000,$E81)) -> 0.0001250873 | P81: 1533479 | Q81: =P81/1000 -> 1533.479 | R81: 12435 | S81: =R81/1000 -> 12.435 | T81: =IF(SUMIFS($P$3:$P$20000,$D$3:$D$20000,$D81,$E$3:$E$20000,$E81)=0,0,P81/SUMIFS($P$3:$P$20000,$D$3:$D$20000,$D81,$E$3:$E$20000,$E81)) -> 0.064876672 | U81: =IF(SUMIFS($R$3:$R$20000,$D$3:$D$20000,$D81,$E$3:$E$20000,$E81)=0,0,R81/SUMIFS($R$3:$R$20000,$D$3:$D$20000,$D81,$E$3:$E$20000,$E81)) -> 0.070395027 | V81: 104043036 | W81: 191866 | X81: 23636832 | Y81: 176646 | Z81: 9 | AA81: Ta|2023|W|9
A82: Ta|2023|8 | B82: MNRL0026 | C82: 탄탈륨 | D82: Ta | E82: 2023 | F82: 8 | G82: FR | H82: 프랑스 | I82: France | J82: 57315 | K82: =J82/1000 -> 57.315 | L82: 58 | M82: =L82/1000 -> 0.058 | N82: =IF(SUMIFS($J$3:$J$20000,$D$3:$D$20000,$D82,$E$3:$E$20000,$E82)=0,0,J82/SUMIFS($J$3:$J$20000,$D$3:$D$20000,$D82,$E$3:$E$20000,$E82)) -> 0.00055087781 | O82: =IF(SUMIFS($L$3:$L$20000,$D$3:$D$20000,$D82,$E$3:$E$20000,$E82)=0,0,L82/SUMIFS($L$3:$L$20000,$D$3:$D$20000,$D82,$E$3:$E$20000,$E82)) -> 0.00030229431 | P82: 52492 | Q82: =P82/1000 -> 52.492 | R82: 95 | S82: =R82/1000 -> 0.095 | T82: =IF(SUMIFS($P$3:$P$20000,$D$3:$D$20000,$D82,$E$3:$E$20000,$E82)=0,0,P82/SUMIFS($P$3:$P$20000,$D$3:$D$20000,$D82,$E$3:$E$20000,$E82)) -> 0.0022207714 | U82: =IF(SUMIFS($R$3:$R$20000,$D$3:$D$20000,$D82,$E$3:$E$20000,$E82)=0,0,R82/SUMIFS($R$3:$R$20000,$D$3:$D$20000,$D82,$E$3:$E$20000,$E82)) -> 0.00053779876 | V82: 104043036 | W82: 191866 | X82: 23636832 | Y82: 176646 | Z82: 8 | AA82: Ta|2023|W|8
A83: Ta|2023|9 | B83: MNRL0026 | C83: 탄탈륨 | D83: Ta | E83: 2023 | F83: 9 | G83: SG | H83: 싱가포르 | I83: Singapore | J83: 20386 | K83: =J83/1000 -> 20.386 | L83: 174 | M83: =L83/1000 -> 0.174 | N83: =IF(SUMIFS($J$3:$J$20000,$D$3:$D$20000,$D83,$E$3:$E$20000,$E83)=0,0,J83/SUMIFS($J$3:$J$20000,$D$3:$D$20000,$D83,$E$3:$E$20000,$E83)) -> 0.00019593815 | O83: =IF(SUMIFS($L$3:$L$20000,$D$3:$D$20000,$D83,$E$3:$E$20000,$E83)=0,0,L83/SUMIFS($L$3:$L$20000,$D$3:$D$20000,$D83,$E$3:$E$20000,$E83)) -> 0.00090688293 | P83: 355947 | Q83: =P83/1000 -> 355.947 | R83: 645 | S83: =R83/1000 -> 0.645 | T83: =IF(SUMIFS($P$3:$P$20000,$D$3:$D$20000,$D83,$E$3:$E$20000,$E83)=0,0,P83/SUMIFS($P$3:$P$20000,$D$3:$D$20000,$D83,$E$3:$E$20000,$E83)) -> 0.015058998 | U83: =IF(SUMIFS($R$3:$R$20000,$D$3:$D$20000,$D83,$E$3:$E$20000,$E83)=0,0,R83/SUMIFS($R$3:$R$20000,$D$3:$D$20000,$D83,$E$3:$E$20000,$E83)) -> 0.0036513705 | V83: 104043036 | W83: 191866 | X83: 23636832 | Y83: 176646 | Z83: 7 | AA83: Ta|2023|W|7
A84: Ta|2023|10 | B84: MNRL0026 | C84: 탄탈륨 | D84: Ta | E84: 2023 | F84: 10 | G84: DK | H84: 덴마크 | I84: Denmark | J84: 18836 | K84: =J84/1000 -> 18.836 | L84: 11 | M84: =L84/1000 -> 0.011 | N84: =IF(SUMIFS($J$3:$J$20000,$D$3:$D$20000,$D84,$E$3:$E$20000,$E84)=0,0,J84/SUMIFS($J$3:$J$20000,$D$3:$D$20000,$D84,$E$3:$E$20000,$E84)) -> 0.00018104047 | O84: =IF(SUMIFS($L$3:$L$20000,$D$3:$D$20000,$D84,$E$3:$E$20000,$E84)=0,0,L84/SUMIFS($L$3:$L$20000,$D$3:$D$20000,$D84,$E$3:$E$20000,$E84)) -> 5.7331679e-05 | P84: 0 | Q84: =P84/1000 -> 0 | R84: 0 | S84: =R84/1000 -> 0 | T84: =IF(SUMIFS($P$3:$P$20000,$D$3:$D$20000,$D84,$E$3:$E$20000,$E84)=0,0,P84/SUMIFS($P$3:$P$20000,$D$3:$D$20000,$D84,$E$3:$E$20000,$E84)) -> 0 | U84: =IF(SUMIFS($R$3:$R$20000,$D$3:$D$20000,$D84,$E$3:$E$20000,$E84)=0,0,R84/SUMIFS($R$3:$R$20000,$D$3:$D$20000,$D84,$E$3:$E$20000,$E84)) -> 0 | V84: 104043036 | W84: 191866 | X84: 23636832 | Y84: 176646 | Z84: 10 | AA84: Ta|2023|W|10
A85: Ta|2023|11 | B85: MNRL0026 | C85: 탄탈륨 | D85: Ta | E85: 2023 | F85: 11 | G85: GB | H85: 영국 | I85: United Kingdom | J85: 17614 | K85: =J85/1000 -> 17.614 | L85: 5 | M85: =L85/1000 -> 0.005 | N85: =IF(SUMIFS($J$3:$J$20000,$D$3:$D$20000,$D85,$E$3:$E$20000,$E85)=0,0,J85/SUMIFS($J$3:$J$20000,$D$3:$D$20000,$D85,$E$3:$E$20000,$E85)) -> 0.00016929533 | O85: =IF(SUMIFS($L$3:$L$20000,$D$3:$D$20000,$D85,$E$3:$E$20000,$E85)=0,0,L85/SUMIFS($L$3:$L$20000,$D$3:$D$20000,$D85,$E$3:$E$20000,$E85)) -> 2.6059854e-05 | P85: 319066 | Q85: =P85/1000 -> 319.066 | R85: 1128 | S85: =R85/1000 -> 1.128 | T85: =IF(SUMIFS($P$3:$P$20000,$D$3:$D$20000,$D85,$E$3:$E$20000,$E85)=0,0,P85/SUMIFS($P$3:$P$20000,$D$3:$D$20000,$D85,$E$3:$E$20000,$E85)) -> 0.013498679 | U85: =IF(SUMIFS($R$3:$R$20000,$D$3:$D$20000,$D85,$E$3:$E$20000,$E85)=0,0,R85/SUMIFS($R$3:$R$20000,$D$3:$D$20000,$D85,$E$3:$E$20000,$E85)) -> 0.0063856527 | V85: 104043036 | W85: 191866 | X85: 23636832 | Y85: 176646 | Z85: 11 | AA85: Ta|2023|W|11
A86: Ta|2023|12 | B86: MNRL0026 | C86: 탄탈륨 | D86: Ta | E86: 2023 | F86: 12 | G86: CA | H86: 캐나다 | I86: Canada | J86: 5760 | K86: =J86/1000 -> 5.76 | L86: 1 | M86: =L86/1000 -> 0.001 | N86: =IF(SUMIFS($J$3:$J$20000,$D$3:$D$20000,$D86,$E$3:$E$20000,$E86)=0,0,J86/SUMIFS($J$3:$J$20000,$D$3:$D$20000,$D86,$E$3:$E$20000,$E86)) -> 5.5361706e-05 | O86: =IF(SUMIFS($L$3:$L$20000,$D$3:$D$20000,$D86,$E$3:$E$20000,$E86)=0,0,L86/SUMIFS($L$3:$L$20000,$D$3:$D$20000,$D86,$E$3:$E$20000,$E86)) -> 5.2119709e-06 | P86: 0 | Q86: =P86/1000 -> 0 | R86: 0 | S86: =R86/1000 -> 0 | T86: =IF(SUMIFS($P$3:$P$20000,$D$3:$D$20000,$D86,$E$3:$E$20000,$E86)=0,0,P86/SUMIFS($P$3:$P$20000,$D$3:$D$20000,$D86,$E$3:$E$20000,$E86)) -> 0 | U86: =IF(SUMIFS($R$3:$R$20000,$D$3:$D$20000,$D86,$E$3:$E$20000,$E86)=0,0,R86/SUMIFS($R$3:$R$20000,$D$3:$D$20000,$D86,$E$3:$E$20000,$E86)) -> 0 | V86: 104043036 | W86: 191866 | X86: 23636832 | Y86: 176646 | Z86: 12 | AA86: Ta|2023|W|12
A87: Ta|2023|13 | B87: MNRL0026 | C87: 탄탈륨 | D87: Ta | E87: 2023 | F87: 13 | G87: LI | H87: 리히텐슈타인 | J87: 3745 | K87: =J87/1000 -> 3.745 | L87: 1 | M87: =L87/1000 -> 0.001 | N87: =IF(SUMIFS($J$3:$J$20000,$D$3:$D$20000,$D87,$E$3:$E$20000,$E87)=0,0,J87/SUMIFS($J$3:$J$20000,$D$3:$D$20000,$D87,$E$3:$E$20000,$E87)) -> 3.599472e-05 | O87: =IF(SUMIFS($L$3:$L$20000,$D$3:$D$20000,$D87,$E$3:$E$20000,$E87)=0,0,L87/SUMIFS($L$3:$L$20000,$D$3:$D$20000,$D87,$E$3:$E$20000,$E87)) -> 5.2119709e-06 | P87: 0 | Q87: =P87/1000 -> 0 | R87: 0 | S87: =R87/1000 -> 0 | T87: =IF(SUMIFS($P$3:$P$20000,$D$3:$D$20000,$D87,$E$3:$E$20000,$E87)=0,0,P87/SUMIFS($P$3:$P$20000,$D$3:$D$20000,$D87,$E$3:$E$20000,$E87)) -> 0 | U87: =IF(SUMIFS($R$3:$R$20000,$D$3:$D$20000,$D87,$E$3:$E$20000,$E87)=0,0,R87/SUMIFS($R$3:$R$20000,$D$3:$D$20000,$D87,$E$3:$E$20000,$E87)) -> 0 | V87: 104043036 | W87: 191866 | X87: 23636832 | Y87: 176646 | Z87: 13 | AA87: Ta|2023|W|13
A88: Ta|2023|14 | B88: MNRL0026 | C88: 탄탈륨 | D88: Ta | E88: 2023 | F88: 14 | G88: LT | H88: 리투아니아 | J88: 342 | K88: =J88/1000 -> 0.342 | L88: 0 | M88: =L88/1000 -> 0 | N88: =IF(SUMIFS($J$3:$J$20000,$D$3:$D$20000,$D88,$E$3:$E$20000,$E88)=0,0,J88/SUMIFS($J$3:$J$20000,$D$3:$D$20000,$D88,$E$3:$E$20000,$E88)) -> 3.2871013e-06 | O88: =IF(SUMIFS($L$3:$L$20000,$D$3:$D$20000,$D88,$E$3:$E$20000,$E88)=0,0,L88/SUMIFS($L$3:$L$20000,$D$3:$D$20000,$D88,$E$3:$E$20000,$E88)) -> 0 | P88: 0 | Q88: =P88/1000 -> 0 | R88: 0 | S88: =R88/1000 -> 0 | T88: =IF(SUMIFS($P$3:$P$20000,$D$3:$D$20000,$D88,$E$3:$E$20000,$E88)=0,0,P88/SUMIFS($P$3:$P$20000,$D$3:$D$20000,$D88,$E$3:$E$20000,$E88)) -> 0 | U88: =IF(SUMIFS($R$3:$R$20000,$D$3:$D$20000,$D88,$E$3:$E$20000,$E88)=0,0,R88/SUMIFS($R$3:$R$20000,$D$3:$D$20000,$D88,$E$3:$E$20000,$E88)) -> 0 | V88: 104043036 | W88: 191866 | X88: 23636832 | Y88: 176646 | Z88: 16 | AA88: Ta|2023|W|16
A89: Ta|2023|15 | B89: MNRL0026 | C89: 탄탈륨 | D89: Ta | E89: 2023 | F89: 15 | G89: SE | H89: 스웨덴 | I89: Sweden | J89: 240 | K89: =J89/1000 -> 0.24 | L89: 0 | M89: =L89/1000 -> 0 | N89: =IF(SUMIFS($J$3:$J$20000,$D$3:$D$20000,$D89,$E$3:$E$20000,$E89)=0,0,J89/SUMIFS($J$3:$J$20000,$D$3:$D$20000,$D89,$E$3:$E$20000,$E89)) -> 2.3067378e-06 | O89: =IF(SUMIFS($L$3:$L$20000,$D$3:$D$20000,$D89,$E$3:$E$20000,$E89)=0,0,L89/SUMIFS($L$3:$L$20000,$D$3:$D$20000,$D89,$E$3:$E$20000,$E89)) -> 0 | P89: 0 | Q89: =P89/1000 -> 0 | R89: 0 | S89: =R89/1000 -> 0 | T89: =IF(SUMIFS($P$3:$P$20000,$D$3:$D$20000,$D89,$E$3:$E$20000,$E89)=0,0,P89/SUMIFS($P$3:$P$20000,$D$3:$D$20000,$D89,$E$3:$E$20000,$E89)) -> 0 | U89: =IF(SUMIFS($R$3:$R$20000,$D$3:$D$20000,$D89,$E$3:$E$20000,$E89)=0,0,R89/SUMIFS($R$3:$R$20000,$D$3:$D$20000,$D89,$E$3:$E$20000,$E89)) -> 0 | V89: 104043036 | W89: 191866 | X89: 23636832 | Y89: 176646 | Z89: 17 | AA89: Ta|2023|W|17
A90: Ta|2023|16 | B90: MNRL0026 | C90: 탄탈륨 | D90: Ta | E90: 2023 | F90: 16 | G90: CH | H90: 스위스 | I90: Swiss | J90: 171 | K90: =J90/1000 -> 0.171 | L90: 0 | M90: =L90/1000 -> 0 | N90: =IF(SUMIFS($J$3:$J$20000,$D$3:$D$20000,$D90,$E$3:$E$20000,$E90)=0,0,J90/SUMIFS($J$3:$J$20000,$D$3:$D$20000,$D90,$E$3:$E$20000,$E90)) -> 1.6435507e-06 | O90: =IF(SUMIFS($L$3:$L$20000,$D$3:$D$20000,$D90,$E$3:$E$20000,$E90)=0,0,L90/SUMIFS($L$3:$L$20000,$D$3:$D$20000,$D90,$E$3:$E$20000,$E90)) -> 0 | P90: 0 | Q90: =P90/1000 -> 0 | R90: 0 | S90: =R90/1000 -> 0 | T90: =IF(SUMIFS($P$3:$P$20000,$D$3:$D$20000,$D90,$E$3:$E$20000,$E90)=0,0,P90/SUMIFS($P$3:$P$20000,$D$3:$D$20000,$D90,$E$3:$E$20000,$E90)) -> 0 | U90: =IF(SUMIFS($R$3:$R$20000,$D$3:$D$20000,$D90,$E$3:$E$20000,$E90)=0,0,R90/SUMIFS($R$3:$R$20000,$D$3:$D$20000,$D90,$E$3:$E$20000,$E90)) -> 0 | V90: 104043036 | W90: 191866 | X90: 23636832 | Y90: 176646 | Z90: 18 | AA90: Ta|2023|W|18
A91: Ta|2023|17 | B91: MNRL0026 | C91: 탄탈륨 | D91: Ta | E91: 2023 | F91: 17 | G91: AT | H91: 오스트리아 | I91: Austria | J91: 93 | K91: =J91/1000 -> 0.093 | L91: 0 | M91: =L91/1000 -> 0 | N91: =IF(SUMIFS($J$3:$J$20000,$D$3:$D$20000,$D91,$E$3:$E$20000,$E91)=0,0,J91/SUMIFS($J$3:$J$20000,$D$3:$D$20000,$D91,$E$3:$E$20000,$E91)) -> 8.9386088e-07 | O91: =IF(SUMIFS($L$3:$L$20000,$D$3:$D$20000,$D91,$E$3:$E$20000,$E91)=0,0,L91/SUMIFS($L$3:$L$20000,$D$3:$D$20000,$D91,$E$3:$E$20000,$E91)) -> 0 | P91: 0 | Q91: =P91/1000 -> 0 | R91: 0 | S91: =R91/1000 -> 0 | T91: =IF(SUMIFS($P$3:$P$20000,$D$3:$D$20000,$D91,$E$3:$E$20000,$E91)=0,0,P91/SUMIFS($P$3:$P$20000,$D$3:$D$20000,$D91,$E$3:$E$20000,$E91)) -> 0 | U91: =IF(SUMIFS($R$3:$R$20000,$D$3:$D$20000,$D91,$E$3:$E$20000,$E91)=0,0,R91/SUMIFS($R$3:$R$20000,$D$3:$D$20000,$D91,$E$3:$E$20000,$E91)) -> 0 | V91: 104043036 | W91: 191866 | X91: 23636832 | Y91: 176646 | Z91: 19 | AA91: Ta|2023|W|19
A92: Ta|2023|18 | B92: MNRL0026 | C92: 탄탈륨 | D92: Ta | E92: 2023 | F92: 18 | G92: KZ | H92: 카자흐스탄 | I92: Kazakhstan | J92: 50 | K92: =J92/1000 -> 0.05 | L92: 1 | M92: =L92/1000 -> 0.001 | N92: =IF(SUMIFS($J$3:$J$20000,$D$3:$D$20000,$D92,$E$3:$E$20000,$E92)=0,0,J92/SUMIFS($J$3:$J$20000,$D$3:$D$20000,$D92,$E$3:$E$20000,$E92)) -> 4.8057037e-07 | O92: =IF(SUMIFS($L$3:$L$20000,$D$3:$D$20000,$D92,$E$3:$E$20000,$E92)=0,0,L92/SUMIFS($L$3:$L$20000,$D$3:$D$20000,$D92,$E$3:$E$20000,$E92)) -> 5.2119709e-06 | P92: 3899339 | Q92: =P92/1000 -> 3899.339 | R92: 12836 | S92: =R92/1000 -> 12.836 | T92: =IF(SUMIFS($P$3:$P$20000,$D$3:$D$20000,$D92,$E$3:$E$20000,$E92)=0,0,P92/SUMIFS($P$3:$P$20000,$D$3:$D$20000,$D92,$E$3:$E$20000,$E92)) -> 0.16496877 | U92: =IF(SUMIFS($R$3:$R$20000,$D$3:$D$20000,$D92,$E$3:$E$20000,$E92)=0,0,R92/SUMIFS($R$3:$R$20000,$D$3:$D$20000,$D92,$E$3:$E$20000,$E92)) -> 0.072665104 | V92: 104043036 | W92: 191866 | X92: 23636832 | Y92: 176646 | Z92: 14 | AA92: Ta|2023|W|14
A93: Ta|2023|19 | B93: MNRL0026 | C93: 탄탈륨 | D93: Ta | E93: 2023 | F93: 19 | G93: TH | H93: 태국 | J93: 10 | K93: =J93/1000 -> 0.01 | L93: 1 | M93: =L93/1000 -> 0.001 | N93: =IF(SUMIFS($J$3:$J$20000,$D$3:$D$20000,$D93,$E$3:$E$20000,$E93)=0,0,J93/SUMIFS($J$3:$J$20000,$D$3:$D$20000,$D93,$E$3:$E$20000,$E93)) -> 9.6114073e-08 | O93: =IF(SUMIFS($L$3:$L$20000,$D$3:$D$20000,$D93,$E$3:$E$20000,$E93)=0,0,L93/SUMIFS($L$3:$L$20000,$D$3:$D$20000,$D93,$E$3:$E$20000,$E93)) -> 5.2119709e-06 | P93: 0 | Q93: =P93/1000 -> 0 | R93: 0 | S93: =R93/1000 -> 0 | T93: =IF(SUMIFS($P$3:$P$20000,$D$3:$D$20000,$D93,$E$3:$E$20000,$E93)=0,0,P93/SUMIFS($P$3:$P$20000,$D$3:$D$20000,$D93,$E$3:$E$20000,$E93)) -> 0 | U93: =IF(SUMIFS($R$3:$R$20000,$D$3:$D$20000,$D93,$E$3:$E$20000,$E93)=0,0,R93/SUMIFS($R$3:$R$20000,$D$3:$D$20000,$D93,$E$3:$E$20000,$E93)) -> 0 | V93: 104043036 | W93: 191866 | X93: 23636832 | Y93: 176646 | Z93: 15 | AA93: Ta|2023|W|15
A94: Ta|2023|20 | B94: MNRL0026 | C94: 탄탈륨 | D94: Ta | E94: 2023 | F94: 20 | G94: PH | H94: 필리핀 | I94: Philippines | J94: 9 | K94: =J94/1000 -> 0.009 | L94: 0 | M94: =L94/1000 -> 0 | N94: =IF(SUMIFS($J$3:$J$20000,$D$3:$D$20000,$D94,$E$3:$E$20000,$E94)=0,0,J94/SUMIFS($J$3:$J$20000,$D$3:$D$20000,$D94,$E$3:$E$20000,$E94)) -> 8.6502666e-08 | O94: =IF(SUMIFS($L$3:$L$20000,$D$3:$D$20000,$D94,$E$3:$E$20000,$E94)=0,0,L94/SUMIFS($L$3:$L$20000,$D$3:$D$20000,$D94,$E$3:$E$20000,$E94)) -> 0 | P94: 0 | Q94: =P94/1000 -> 0 | R94: 0 | S94: =R94/1000 -> 0 | T94: =IF(SUMIFS($P$3:$P$20000,$D$3:$D$20000,$D94,$E$3:$E$20000,$E94)=0,0,P94/SUMIFS($P$3:$P$20000,$D$3:$D$20000,$D94,$E$3:$E$20000,$E94)) -> 0 | U94: =IF(SUMIFS($R$3:$R$20000,$D$3:$D$20000,$D94,$E$3:$E$20000,$E94)=0,0,R94/SUMIFS($R$3:$R$20000,$D$3:$D$20000,$D94,$E$3:$E$20000,$E94)) -> 0 | V94: 104043036 | W94: 191866 | X94: 23636832 | Y94: 176646 | Z94: 20 | AA94: Ta|2023|W|20
A95: Ta|2023|21 | B95: MNRL0026 | C95: 탄탈륨 | D95: Ta | E95: 2023 | F95: 21 | G95: MY | H95: 말레이시아 | I95: Malaysia | J95: 0 | K95: =J95/1000 -> 0 | L95: 0 | M95: =L95/1000 -> 0 | N95: =IF(SUMIFS($J$3:$J$20000,$D$3:$D$20000,$D95,$E$3:$E$20000,$E95)=0,0,J95/SUMIFS($J$3:$J$20000,$D$3:$D$20000,$D95,$E$3:$E$20000,$E95)) -> 0 | O95: =IF(SUMIFS($L$3:$L$20000,$D$3:$D$20000,$D95,$E$3:$E$20000,$E95)=0,0,L95/SUMIFS($L$3:$L$20000,$D$3:$D$20000,$D95,$E$3:$E$20000,$E95)) -> 0 | P95: 240 | Q95: =P95/1000 -> 0.24 | R95: 5 | S95: =R95/1000 -> 0.005 | T95: =IF(SUMIFS($P$3:$P$20000,$D$3:$D$20000,$D95,$E$3:$E$20000,$E95)=0,0,P95/SUMIFS($P$3:$P$20000,$D$3:$D$20000,$D95,$E$3:$E$20000,$E95)) -> 1.0153645e-05 | U95: =IF(SUMIFS($R$3:$R$20000,$D$3:$D$20000,$D95,$E$3:$E$20000,$E95)=0,0,R95/SUMIFS($R$3:$R$20000,$D$3:$D$20000,$D95,$E$3:$E$20000,$E95)) -> 2.8305198e-05 | V95: 104043036 | W95: 191866 | X95: 23636832 | Y95: 176646 | Z95: 21 | AA95: Ta|2023|W|21
A96: Ta|2023|22 | B96: MNRL0026 | C96: 탄탈륨 | D96: Ta | E96: 2023 | F96: 22 | G96: IN | H96: 인도 | J96: 0 | K96: =J96/1000 -> 0 | L96: 0 | M96: =L96/1000 -> 0 | N96: =IF(SUMIFS($J$3:$J$20000,$D$3:$D$20000,$D96,$E$3:$E$20000,$E96)=0,0,J96/SUMIFS($J$3:$J$20000,$D$3:$D$20000,$D96,$E$3:$E$20000,$E96)) -> 0 | O96: =IF(SUMIFS($L$3:$L$20000,$D$3:$D$20000,$D96,$E$3:$E$20000,$E96)=0,0,L96/SUMIFS($L$3:$L$20000,$D$3:$D$20000,$D96,$E$3:$E$20000,$E96)) -> 0 | P96: 2850 | Q96: =P96/1000 -> 2.85 | R96: 3 | S96: =R96/1000 -> 0.003 | T96: =IF(SUMIFS($P$3:$P$20000,$D$3:$D$20000,$D96,$E$3:$E$20000,$E96)=0,0,P96/SUMIFS($P$3:$P$20000,$D$3:$D$20000,$D96,$E$3:$E$20000,$E96)) -> 0.00012057453 | U96: =IF(SUMIFS($R$3:$R$20000,$D$3:$D$20000,$D96,$E$3:$E$20000,$E96)=0,0,R96/SUMIFS($R$3:$R$20000,$D$3:$D$20000,$D96,$E$3:$E$20000,$E96)) -> 1.6983119e-05 | V96: 104043036 | W96: 191866 | X96: 23636832 | Y96: 176646 | Z96: 22 | AA96: Ta|2023|W|22
A97: Ta|2023|23 | B97: MNRL0026 | C97: 탄탈륨 | D97: Ta | E97: 2023 | F97: 23 | G97: HK | H97: 홍콩 | I97: Hongkong | J97: 0 | K97: =J97/1000 -> 0 | L97: 0 | M97: =L97/1000 -> 0 | N97: =IF(SUMIFS($J$3:$J$20000,$D$3:$D$20000,$D97,$E$3:$E$20000,$E97)=0,0,J97/SUMIFS($J$3:$J$20000,$D$3:$D$20000,$D97,$E$3:$E$20000,$E97)) -> 0 | O97: =IF(SUMIFS($L$3:$L$20000,$D$3:$D$20000,$D97,$E$3:$E$20000,$E97)=0,0,L97/SUMIFS($L$3:$L$20000,$D$3:$D$20000,$D97,$E$3:$E$20000,$E97)) -> 0 | P97: 182858 | Q97: =P97/1000 -> 182.858 | R97: 632 | S97: =R97/1000 -> 0.632 | T97: =IF(SUMIFS($P$3:$P$20000,$D$3:$D$20000,$D97,$E$3:$E$20000,$E97)=0,0,P97/SUMIFS($P$3:$P$20000,$D$3:$D$20000,$D97,$E$3:$E$20000,$E97)) -> 0.0077361467 | U97: =IF(SUMIFS($R$3:$R$20000,$D$3:$D$20000,$D97,$E$3:$E$20000,$E97)=0,0,R97/SUMIFS($R$3:$R$20000,$D$3:$D$20000,$D97,$E$3:$E$20000,$E97)) -> 0.003577777 | V97: 104043036 | W97: 191866 | X97: 23636832 | Y97: 176646 | Z97: 23 | AA97: Ta|2023|W|23
A98: Ta|2023|24 | B98: MNRL0026 | C98: 탄탈륨 | D98: Ta | E98: 2023 | F98: 24 | G98: VN | H98: 베트남 | I98: Vietnam | J98: 0 | K98: =J98/1000 -> 0 | L98: 0 | M98: =L98/1000 -> 0 | N98: =IF(SUMIFS($J$3:$J$20000,$D$3:$D$20000,$D98,$E$3:$E$20000,$E98)=0,0,J98/SUMIFS($J$3:$J$20000,$D$3:$D$20000,$D98,$E$3:$E$20000,$E98)) -> 0 | O98: =IF(SUMIFS($L$3:$L$20000,$D$3:$D$20000,$D98,$E$3:$E$20000,$E98)=0,0,L98/SUMIFS($L$3:$L$20000,$D$3:$D$20000,$D98,$E$3:$E$20000,$E98)) -> 0 | P98: 7161 | Q98: =P98/1000 -> 7.161 | R98: 4 | S98: =R98/1000 -> 0.004 | T98: =IF(SUMIFS($P$3:$P$20000,$D$3:$D$20000,$D98,$E$3:$E$20000,$E98)=0,0,P98/SUMIFS($P$3:$P$20000,$D$3:$D$20000,$D98,$E$3:$E$20000,$E98)) -> 0.00030295938 | U98: =IF(SUMIFS($R$3:$R$20000,$D$3:$D$20000,$D98,$E$3:$E$20000,$E98)=0,0,R98/SUMIFS($R$3:$R$20000,$D$3:$D$20000,$D98,$E$3:$E$20000,$E98)) -> 2.2644158e-05 | V98: 104043036 | W98: 191866 | X98: 23636832 | Y98: 176646 | Z98: 24 | AA98: Ta|2023|W|24
A99: Ta|2024|1 | B99: MNRL0026 | C99: 탄탈륨 | D99: Ta | E99: 2024 | F99: 1 | G99: US | H99: 미국 | I99: United States of America | J99: 55747048 | K99: =J99/1000 -> 55747.048 | L99: 91077 | M99: =L99/1000 -> 91.077 | N99: =IF(SUMIFS($J$3:$J$20000,$D$3:$D$20000,$D99,$E$3:$E$20000,$E99)=0,0,J99/SUMIFS($J$3:$J$20000,$D$3:$D$20000,$D99,$E$3:$E$20000,$E99)) -> 0.41462354 | O99: =IF(SUMIFS($L$3:$L$20000,$D$3:$D$20000,$D99,$E$3:$E$20000,$E99)=0,0,L99/SUMIFS($L$3:$L$20000,$D$3:$D$20000,$D99,$E$3:$E$20000,$E99)) -> 0.31379784 | P99: 8084942 | Q99: =P99/1000 -> 8084.942 | R99: 47721 | S99: =R99/1000 -> 47.721 | T99: =IF(SUMIFS($P$3:$P$20000,$D$3:$D$20000,$D99,$E$3:$E$20000,$E99)=0,0,P99/SUMIFS($P$3:$P$20000,$D$3:$D$20000,$D99,$E$3:$E$20000,$E99)) -> 0.20935524 | U99: =IF(SUMIFS($R$3:$R$20000,$D$3:$D$20000,$D99,$E$3:$E$20000,$E99)=0,0,R99/SUMIFS($R$3:$R$20000,$D$3:$D$20000,$D99,$E$3:$E$20000,$E99)) -> 0.20684857 | V99: 134452201 | W99: 290241 | X99: 38618293 | Y99: 230705 | Z99: 2 | AA99: Ta|2024|W|2
A100: Ta|2024|2 | B100: MNRL0026 | C100: 탄탈륨 | D100: Ta | E100: 2024 | F100: 2 | G100: CN | H100: 중국 | I100: China | J100: 38126993 | K100: =J100/1000 -> 38126.993 | L100: 90593 | M100: =L100/1000 -> 90.593 | N100: =IF(SUMIFS($J$3:$J$20000,$D$3:$D$20000,$D100,$E$3:$E$20000,$E100)=0,0,J100/SUMIFS($J$3:$J$20000,$D$3:$D$20000,$D100,$E$3:$E$20000,$E100)) -> 0.28357284 | O100: =IF(SUMIFS($L$3:$L$20000,$D$3:$D$20000,$D100,$E$3:$E$20000,$E100)=0,0,L100/SUMIFS($L$3:$L$20000,$D$3:$D$20000,$D100,$E$3:$E$20000,$E100)) -> 0.31213026 | P100: 13697026 | Q100: =P100/1000 -> 13697.026 | R100: 80167 | S100: =R100/1000 -> 80.167 | T100: =IF(SUMIFS($P$3:$P$20000,$D$3:$D$20000,$D100,$E$3:$E$20000,$E100)=0,0,P100/SUMIFS($P$3:$P$20000,$D$3:$D$20000,$D100,$E$3:$E$20000,$E100)) -> 0.35467715 | U100: =IF(SUMIFS($R$3:$R$20000,$D$3:$D$20000,$D100,$E$3:$E$20000,$E100)=0,0,R100/SUMIFS($R$3:$R$20000,$D$3:$D$20000,$D100,$E$3:$E$20000,$E100)) -> 0.34748705 | V100: 134452201 | W100: 290241 | X100: 38618293 | Y100: 230705 | Z100: 3 | AA100: Ta|2024|W|3
A101: Ta|2024|3 | B101: MNRL0026 | C101: 탄탈륨 | D101: Ta | E101: 2024 | F101: 3 | G101: JP | H101: 일본 | I101: Japan | J101: 36406666 | K101: =J101/1000 -> 36406.666 | L101: 95028 | M101: =L101/1000 -> 95.028 | N101: =IF(SUMIFS($J$3:$J$20000,$D$3:$D$20000,$D101,$E$3:$E$20000,$E101)=0,0,J101/SUMIFS($J$3:$J$20000,$D$3:$D$20000,$D101,$E$3:$E$20000,$E101)) -> 0.27077776 | O101: =IF(SUMIFS($L$3:$L$20000,$D$3:$D$20000,$D101,$E$3:$E$20000,$E101)=0,0,L101/SUMIFS($L$3:$L$20000,$D$3:$D$20000,$D101,$E$3:$E$20000,$E101)) -> 0.32741067 | P101: 1315231 | Q101: =P101/1000 -> 1315.231 | R101: 39524 | S101: =R101/1000 -> 39.524 | T101: =IF(SUMIFS($P$3:$P$20000,$D$3:$D$20000,$D101,$E$3:$E$20000,$E101)=0,0,P101/SUMIFS($P$3:$P$20000,$D$3:$D$20000,$D101,$E$3:$E$20000,$E101)) -> 0.034057202 | U101: =IF(SUMIFS($R$3:$R$20000,$D$3:$D$20000,$D101,$E$3:$E$20000,$E101)=0,0,R101/SUMIFS($R$3:$R$20000,$D$3:$D$20000,$D101,$E$3:$E$20000,$E101)) -> 0.17131835 | V101: 134452201 | W101: 290241 | X101: 38618293 | Y101: 230705 | Z101: 1 | AA101: Ta|2024|W|1
A102: Ta|2024|4 | B102: MNRL0026 | C102: 탄탈륨 | D102: Ta | E102: 2024 | F102: 4 | G102: KZ | H102: 카자흐스탄 | I102: Kazakhstan | J102: 3216121 | K102: =J102/1000 -> 3216.121 | L102: 7578 | M102: =L102/1000 -> 7.578 | N102: =IF(SUMIFS($J$3:$J$20000,$D$3:$D$20000,$D102,$E$3:$E$20000,$E102)=0,0,J102/SUMIFS($J$3:$J$20000,$D$3:$D$20000,$D102,$E$3:$E$20000,$E102)) -> 0.023920181 | O102: =IF(SUMIFS($L$3:$L$20000,$D$3:$D$20000,$D102,$E$3:$E$20000,$E102)=0,0,L102/SUMIFS($L$3:$L$20000,$D$3:$D$20000,$D102,$E$3:$E$20000,$E102)) -> 0.026109337 | P102: 10755992 | Q102: =P102/1000 -> 10755.992 | R102: 37984 | S102: =R102/1000 -> 37.984 | T102: =IF(SUMIFS($P$3:$P$20000,$D$3:$D$20000,$D102,$E$3:$E$20000,$E102)=0,0,P102/SUMIFS($P$3:$P$20000,$D$3:$D$20000,$D102,$E$3:$E$20000,$E102)) -> 0.27852065 | U102: =IF(SUMIFS($R$3:$R$20000,$D$3:$D$20000,$D102,$E$3:$E$20000,$E102)=0,0,R102/SUMIFS($R$3:$R$20000,$D$3:$D$20000,$D102,$E$3:$E$20000,$E102)) -> 0.16464316 | V102: 134452201 | W102: 290241 | X102: 38618293 | Y102: 230705 | Z102: 4 | AA102: Ta|2024|W|4
A103: Ta|2024|5 | B103: MNRL0026 | C103: 탄탈륨 | D103: Ta | E103: 2024 | F103: 5 | G103: PH | H103: 필리핀 | I103: Philippines | J103: 477900 | K103: =J103/1000 -> 477.9 | L103: 2849 | M103: =L103/1000 -> 2.849 | N103: =IF(SUMIFS($J$3:$J$20000,$D$3:$D$20000,$D103,$E$3:$E$20000,$E103)=0,0,J103/SUMIFS($J$3:$J$20000,$D$3:$D$20000,$D103,$E$3:$E$20000,$E103)) -> 0.003554423 | O103: =IF(SUMIFS($L$3:$L$20000,$D$3:$D$20000,$D103,$E$3:$E$20000,$E103)=0,0,L103/SUMIFS($L$3:$L$20000,$D$3:$D$20000,$D103,$E$3:$E$20000,$E103)) -> 0.0098159805 | P103: 3000 | Q103: =P103/1000 -> 3 | R103: 0 | S103: =R103/1000 -> 0 | T103: =IF(SUMIFS($P$3:$P$20000,$D$3:$D$20000,$D103,$E$3:$E$20000,$E103)=0,0,P103/SUMIFS($P$3:$P$20000,$D$3:$D$20000,$D103,$E$3:$E$20000,$E103)) -> 7.7683392e-05 | U103: =IF(SUMIFS($R$3:$R$20000,$D$3:$D$20000,$D103,$E$3:$E$20000,$E103)=0,0,R103/SUMIFS($R$3:$R$20000,$D$3:$D$20000,$D103,$E$3:$E$20000,$E103)) -> 0 | V103: 134452201 | W103: 290241 | X103: 38618293 | Y103: 230705 | Z103: 5 | AA103: Ta|2024|W|5
A104: Ta|2024|6 | B104: MNRL0026 | C104: 탄탈륨 | D104: Ta | E104: 2024 | F104: 6 | G104: TW | H104: 대만 | I104: Taiwan | J104: 213129 | K104: =J104/1000 -> 213.129 | L104: 2746 | M104: =L104/1000 -> 2.746 | N104: =IF(SUMIFS($J$3:$J$20000,$D$3:$D$20000,$D104,$E$3:$E$20000,$E104)=0,0,J104/SUMIFS($J$3:$J$20000,$D$3:$D$20000,$D104,$E$3:$E$20000,$E104)) -> 0.0015851656 | O104: =IF(SUMIFS($L$3:$L$20000,$D$3:$D$20000,$D104,$E$3:$E$20000,$E104)=0,0,L104/SUMIFS($L$3:$L$20000,$D$3:$D$20000,$D104,$E$3:$E$20000,$E104)) -> 0.009461103 | P104: 897950 | Q104: =P104/1000 -> 897.95 | R104: 1137 | S104: =R104/1000 -> 1.137 | T104: =IF(SUMIFS($P$3:$P$20000,$D$3:$D$20000,$D104,$E$3:$E$20000,$E104)=0,0,P104/SUMIFS($P$3:$P$20000,$D$3:$D$20000,$D104,$E$3:$E$20000,$E104)) -> 0.023251934 | U104: =IF(SUMIFS($R$3:$R$20000,$D$3:$D$20000,$D104,$E$3:$E$20000,$E104)=0,0,R104/SUMIFS($R$3:$R$20000,$D$3:$D$20000,$D104,$E$3:$E$20000,$E104)) -> 0.0049283717 | V104: 134452201 | W104: 290241 | X104: 38618293 | Y104: 230705 | Z104: 6 | AA104: Ta|2024|W|6
A105: Ta|2024|7 | B105: MNRL0026 | C105: 탄탈륨 | D105: Ta | E105: 2024 | F105: 7 | G105: AT | H105: 오스트리아 | I105: Austria | J105: 87549 | K105: =J105/1000 -> 87.549 | L105: 55 | M105: =L105/1000 -> 0.055 | N105: =IF(SUMIFS($J$3:$J$20000,$D$3:$D$20000,$D105,$E$3:$E$20000,$E105)=0,0,J105/SUMIFS($J$3:$J$20000,$D$3:$D$20000,$D105,$E$3:$E$20000,$E105)) -> 0.00065115334 | O105: =IF(SUMIFS($L$3:$L$20000,$D$3:$D$20000,$D105,$E$3:$E$20000,$E105)=0,0,L105/SUMIFS($L$3:$L$20000,$D$3:$D$20000,$D105,$E$3:$E$20000,$E105)) -> 0.00018949769 | P105: 1 | Q105: =P105/1000 -> 0.001 | R105: 0 | S105: =R105/1000 -> 0 | T105: =IF(SUMIFS($P$3:$P$20000,$D$3:$D$20000,$D105,$E$3:$E$20000,$E105)=0,0,P105/SUMIFS($P$3:$P$20000,$D$3:$D$20000,$D105,$E$3:$E$20000,$E105)) -> 2.5894464e-08 | U105: =IF(SUMIFS($R$3:$R$20000,$D$3:$D$20000,$D105,$E$3:$E$20000,$E105)=0,0,R105/SUMIFS($R$3:$R$20000,$D$3:$D$20000,$D105,$E$3:$E$20000,$E105)) -> 0 | V105: 134452201 | W105: 290241 | X105: 38618293 | Y105: 230705 | Z105: 9 | AA105: Ta|2024|W|9
A106: Ta|2024|8 | B106: MNRL0026 | C106: 탄탈륨 | D106: Ta | E106: 2024 | F106: 8 | G106: FR | H106: 프랑스 | I106: France | J106: 75556 | K106: =J106/1000 -> 75.556 | L106: 76 | M106: =L106/1000 -> 0.076 | N106: =IF(SUMIFS($J$3:$J$20000,$D$3:$D$20000,$D106,$E$3:$E$20000,$E106)=0,0,J106/SUMIFS($J$3:$J$20000,$D$3:$D$20000,$D106,$E$3:$E$20000,$E106)) -> 0.00056195436 | O106: =IF(SUMIFS($L$3:$L$20000,$D$3:$D$20000,$D106,$E$3:$E$20000,$E106)=0,0,L106/SUMIFS($L$3:$L$20000,$D$3:$D$20000,$D106,$E$3:$E$20000,$E106)) -> 0.00026185136 | P106: 820564 | Q106: =P106/1000 -> 820.564 | R106: 1413 | S106: =R106/1000 -> 1.413 | T106: =IF(SUMIFS($P$3:$P$20000,$D$3:$D$20000,$D106,$E$3:$E$20000,$E106)=0,0,P106/SUMIFS($P$3:$P$20000,$D$3:$D$20000,$D106,$E$3:$E$20000,$E106)) -> 0.021248065 | U106: =IF(SUMIFS($R$3:$R$20000,$D$3:$D$20000,$D106,$E$3:$E$20000,$E106)=0,0,R106/SUMIFS($R$3:$R$20000,$D$3:$D$20000,$D106,$E$3:$E$20000,$E106)) -> 0.0061247047 | V106: 134452201 | W106: 290241 | X106: 38618293 | Y106: 230705 | Z106: 8 | AA106: Ta|2024|W|8
A107: Ta|2024|9 | B107: MNRL0026 | C107: 탄탈륨 | D107: Ta | E107: 2024 | F107: 9 | G107: DE | H107: 독일 | I107: Germany | J107: 67692 | K107: =J107/1000 -> 67.692 | L107: 51 | M107: =L107/1000 -> 0.051 | N107: =IF(SUMIFS($J$3:$J$20000,$D$3:$D$20000,$D107,$E$3:$E$20000,$E107)=0,0,J107/SUMIFS($J$3:$J$20000,$D$3:$D$20000,$D107,$E$3:$E$20000,$E107)) -> 0.00050346517 | O107: =IF(SUMIFS($L$3:$L$20000,$D$3:$D$20000,$D107,$E$3:$E$20000,$E107)=0,0,L107/SUMIFS($L$3:$L$20000,$D$3:$D$20000,$D107,$E$3:$E$20000,$E107)) -> 0.00017571604 | P107: 2681651 | Q107: =P107/1000 -> 2681.651 | R107: 21023 | S107: =R107/1000 -> 21.023 | T107: =IF(SUMIFS($P$3:$P$20000,$D$3:$D$20000,$D107,$E$3:$E$20000,$E107)=0,0,P107/SUMIFS($P$3:$P$20000,$D$3:$D$20000,$D107,$E$3:$E$20000,$E107)) -> 0.069439915 | U107: =IF(SUMIFS($R$3:$R$20000,$D$3:$D$20000,$D107,$E$3:$E$20000,$E107)=0,0,R107/SUMIFS($R$3:$R$20000,$D$3:$D$20000,$D107,$E$3:$E$20000,$E107)) -> 0.09112503 | V107: 134452201 | W107: 290241 | X107: 38618293 | Y107: 230705 | Z107: 10 | AA107: Ta|2024|W|10
...

Sheet 요약
A1: 관세청(KOMIS 대한민국 광물지도) 기준. 모든 수치는 '관세청_연도별_국가' 시트에서 수식으로 집계. 비중=해당국 수입금액/총수입금액. 2026년은 1~9월 누계(전년비는 연간 대비이므로 참고용).
A2: 광종 | B2: 원소 | C2: 연도 | D2: 수입금액(천USD) | E2: 수입중량(톤) | F2: 수입금액 전년비 | G2: 수입중량 전년비 | H2: 수출금액(천USD) | I2: 수출중량(톤) | J2: 수입국 수 | K2: 1위 수입국 | L2: 1위 비중(금액) | M2: 2위 수입국 | N2: 2위 비중(금액) | O2: 3위 수입국 | P2: 3위 비중(금액) | Q2: 주요 수입국 Top3 (금액비중) | R2: 1위 수입국(중량기준) | S2: 1위 비중(중량) | T2: 비고
A3: 탄탈륨 | B3: Ta | C3: 2020 | D3: =SUMIFS(관세청_연도별_국가!$J:$J,관세청_연도별_국가!$D:$D,$B3,관세청_연도별_국가!$E:$E,$C3)/1000 -> 72834.26 | E3: =SUMIFS(관세청_연도별_국가!$L:$L,관세청_연도별_국가!$D:$D,$B3,관세청_연도별_국가!$E:$E,$C3)/1000 -> 132.417 | H3: =SUMIFS(관세청_연도별_국가!$P:$P,관세청_연도별_국가!$D:$D,$B3,관세청_연도별_국가!$E:$E,$C3)/1000 -> 17941.594 | I3: =SUMIFS(관세청_연도별_국가!$R:$R,관세청_연도별_국가!$D:$D,$B3,관세청_연도별_국가!$E:$E,$C3)/1000 -> 153.442 | J3: =COUNTIFS(관세청_연도별_국가!$D:$D,$B3,관세청_연도별_국가!$E:$E,$C3,관세청_연도별_국가!$J:$J,">0") -> 20 | K3: =IFERROR(INDEX(관세청_연도별_국가!$H:$H,MATCH($B3&"|"&$C3&"|1",관세청_연도별_국가!$A:$A,0)),"") -> 미국 | L3: =IFERROR(INDEX(관세청_연도별_국가!$N:$N,MATCH($B3&"|"&$C3&"|1",관세청_연도별_국가!$A:$A,0)),"") -> 0.52239586 | M3: =IFERROR(INDEX(관세청_연도별_국가!$H:$H,MATCH($B3&"|"&$C3&"|2",관세청_연도별_국가!$A:$A,0)),"") -> 일본 | N3: =IFERROR(INDEX(관세청_연도별_국가!$N:$N,MATCH($B3&"|"&$C3&"|2",관세청_연도별_국가!$A:$A,0)),"") -> 0.27692127 | O3: =IFERROR(INDEX(관세청_연도별_국가!$H:$H,MATCH($B3&"|"&$C3&"|3",관세청_연도별_국가!$A:$A,0)),"") -> 중국 | P3: =IFERROR(INDEX(관세청_연도별_국가!$N:$N,MATCH($B3&"|"&$C3&"|3",관세청_연도별_국가!$A:$A,0)),"") -> 0.18885135 | Q3: =IF(K3="","",K3&" ("&TEXT(L3,"0.0%")&")")&IF(M3="","",", "&M3&" ("&TEXT(N3,"0.0%")&")")&IF(O3="","",", "&O3&" ("&TEXT(P3,"0.0%")&")") -> 미국 (52.2%), 일본 (27.7%), 중국 (18.9%) | R3: =IFERROR(INDEX(관세청_연도별_국가!$H:$H,MATCH($B3&"|"&$C3&"|W|1",관세청_연도별_국가!$AA:$AA,0)),"") -> 미국 | S3: =IFERROR(INDEX(관세청_연도별_국가!$O:$O,MATCH($B3&"|"&$C3&"|W|1",관세청_연도별_국가!$AA:$AA,0)),"") -> 0.40707009
A4: 탄탈륨 | B4: Ta | C4: 2021 | D4: =SUMIFS(관세청_연도별_국가!$J:$J,관세청_연도별_국가!$D:$D,$B4,관세청_연도별_국가!$E:$E,$C4)/1000 -> 91177.537 | E4: =SUMIFS(관세청_연도별_국가!$L:$L,관세청_연도별_국가!$D:$D,$B4,관세청_연도별_국가!$E:$E,$C4)/1000 -> 167.12 | F4: =IF(D3=0,"",D4/D3-1) -> 0.25184957 | G4: =IF(E3=0,"",E4/E3-1) -> 0.2620736 | H4: =SUMIFS(관세청_연도별_국가!$P:$P,관세청_연도별_국가!$D:$D,$B4,관세청_연도별_국가!$E:$E,$C4)/1000 -> 25954.646 | I4: =SUMIFS(관세청_연도별_국가!$R:$R,관세청_연도별_국가!$D:$D,$B4,관세청_연도별_국가!$E:$E,$C4)/1000 -> 198.003 | J4: =COUNTIFS(관세청_연도별_국가!$D:$D,$B4,관세청_연도별_국가!$E:$E,$C4,관세청_연도별_국가!$J:$J,">0") -> 22 | K4: =IFERROR(INDEX(관세청_연도별_국가!$H:$H,MATCH($B4&"|"&$C4&"|1",관세청_연도별_국가!$A:$A,0)),"") -> 미국 | L4: =IFERROR(INDEX(관세청_연도별_국가!$N:$N,MATCH($B4&"|"&$C4&"|1",관세청_연도별_국가!$A:$A,0)),"") -> 0.5809872 | M4: =IFERROR(INDEX(관세청_연도별_국가!$H:$H,MATCH($B4&"|"&$C4&"|2",관세청_연도별_국가!$A:$A,0)),"") -> 일본 | N4: =IFERROR(INDEX(관세청_연도별_국가!$N:$N,MATCH($B4&"|"&$C4&"|2",관세청_연도별_국가!$A:$A,0)),"") -> 0.26608725 | O4: =IFERROR(INDEX(관세청_연도별_국가!$H:$H,MATCH($B4&"|"&$C4&"|3",관세청_연도별_국가!$A:$A,0)),"") -> 중국 | P4: =IFERROR(INDEX(관세청_연도별_국가!$N:$N,MATCH($B4&"|"&$C4&"|3",관세청_연도별_국가!$A:$A,0)),"") -> 0.14304806 | Q4: =IF(K4="","",K4&" ("&TEXT(L4,"0.0%")&")")&IF(M4="","",", "&M4&" ("&TEXT(N4,"0.0%")&")")&IF(O4="","",", "&O4&" ("&TEXT(P4,"0.0%")&")") -> 미국 (58.1%), 일본 (26.6%), 중국 (14.3%) | R4: =IFERROR(INDEX(관세청_연도별_국가!$H:$H,MATCH($B4&"|"&$C4&"|W|1",관세청_연도별_국가!$AA:$AA,0)),"") -> 미국 | S4: =IFERROR(INDEX(관세청_연도별_국가!$O:$O,MATCH($B4&"|"&$C4&"|W|1",관세청_연도별_국가!$AA:$AA,0)),"") -> 0.44971876
A5: 탄탈륨 | B5: Ta | C5: 2022 | D5: =SUMIFS(관세청_연도별_국가!$J:$J,관세청_연도별_국가!$D:$D,$B5,관세청_연도별_국가!$E:$E,$C5)/1000 -> 111814.01 | E5: =SUMIFS(관세청_연도별_국가!$L:$L,관세청_연도별_국가!$D:$D,$B5,관세청_연도별_국가!$E:$E,$C5)/1000 -> 208.65 | F5: =IF(D4=0,"",D5/D4-1) -> 0.2263329 | G5: =IF(E4=0,"",E5/E4-1) -> 0.24850407 | H5: =SUMIFS(관세청_연도별_국가!$P:$P,관세청_연도별_국가!$D:$D,$B5,관세청_연도별_국가!$E:$E,$C5)/1000 -> 29675.121 | I5: =SUMIFS(관세청_연도별_국가!$R:$R,관세청_연도별_국가!$D:$D,$B5,관세청_연도별_국가!$E:$E,$C5)/1000 -> 154.406 | J5: =COUNTIFS(관세청_연도별_국가!$D:$D,$B5,관세청_연도별_국가!$E:$E,$C5,관세청_연도별_국가!$J:$J,">0") -> 18 | K5: =IFERROR(INDEX(관세청_연도별_국가!$H:$H,MATCH($B5&"|"&$C5&"|1",관세청_연도별_국가!$A:$A,0)),"") -> 미국 | L5: =IFERROR(INDEX(관세청_연도별_국가!$N:$N,MATCH($B5&"|"&$C5&"|1",관세청_연도별_국가!$A:$A,0)),"") -> 0.51676199 | M5: =IFERROR(INDEX(관세청_연도별_국가!$H:$H,MATCH($B5&"|"&$C5&"|2",관세청_연도별_국가!$A:$A,0)),"") -> 일본 | N5: =IFERROR(INDEX(관세청_연도별_국가!$N:$N,MATCH($B5&"|"&$C5&"|2",관세청_연도별_국가!$A:$A,0)),"") -> 0.25284416 | O5: =IFERROR(INDEX(관세청_연도별_국가!$H:$H,MATCH($B5&"|"&$C5&"|3",관세청_연도별_국가!$A:$A,0)),"") -> 중국 | P5: =IFERROR(INDEX(관세청_연도별_국가!$N:$N,MATCH($B5&"|"&$C5&"|3",관세청_연도별_국가!$A:$A,0)),"") -> 0.19759013 | Q5: =IF(K5="","",K5&" ("&TEXT(L5,"0.0%")&")")&IF(M5="","",", "&M5&" ("&TEXT(N5,"0.0%")&")")&IF(O5="","",", "&O5&" ("&TEXT(P5,"0.0%")&")") -> 미국 (51.7%), 일본 (25.3%), 중국 (19.8%) | R5: =IFERROR(INDEX(관세청_연도별_국가!$H:$H,MATCH($B5&"|"&$C5&"|W|1",관세청_연도별_국가!$AA:$AA,0)),"") -> 미국 | S5: =IFERROR(INDEX(관세청_연도별_국가!$O:$O,MATCH($B5&"|"&$C5&"|W|1",관세청_연도별_국가!$AA:$AA,0)),"") -> 0.37491493
A6: 탄탈륨 | B6: Ta | C6: 2023 | D6: =SUMIFS(관세청_연도별_국가!$J:$J,관세청_연도별_국가!$D:$D,$B6,관세청_연도별_국가!$E:$E,$C6)/1000 -> 104043.04 | E6: =SUMIFS(관세청_연도별_국가!$L:$L,관세청_연도별_국가!$D:$D,$B6,관세청_연도별_국가!$E:$E,$C6)/1000 -> 191.866 | F6: =IF(D5=0,"",D6/D5-1) -> -0.069499133 | G6: =IF(E5=0,"",E6/E5-1) -> -0.08044093 | H6: =SUMIFS(관세청_연도별_국가!$P:$P,관세청_연도별_국가!$D:$D,$B6,관세청_연도별_국가!$E:$E,$C6)/1000 -> 23636.832 | I6: =SUMIFS(관세청_연도별_국가!$R:$R,관세청_연도별_국가!$D:$D,$B6,관세청_연도별_국가!$E:$E,$C6)/1000 -> 176.646 | J6: =COUNTIFS(관세청_연도별_국가!$D:$D,$B6,관세청_연도별_국가!$E:$E,$C6,관세청_연도별_국가!$J:$J,">0") -> 20 | K6: =IFERROR(INDEX(관세청_연도별_국가!$H:$H,MATCH($B6&"|"&$C6&"|1",관세청_연도별_국가!$A:$A,0)),"") -> 미국 | L6: =IFERROR(INDEX(관세청_연도별_국가!$N:$N,MATCH($B6&"|"&$C6&"|1",관세청_연도별_국가!$A:$A,0)),"") -> 0.46031441 | M6: =IFERROR(INDEX(관세청_연도별_국가!$H:$H,MATCH($B6&"|"&$C6&"|2",관세청_연도별_국가!$A:$A,0)),"") -> 일본 | N6: =IFERROR(INDEX(관세청_연도별_국가!$N:$N,MATCH($B6&"|"&$C6&"|2",관세청_연도별_국가!$A:$A,0)),"") -> 0.26648818 | O6: =IFERROR(INDEX(관세청_연도별_국가!$H:$H,MATCH($B6&"|"&$C6&"|3",관세청_연도별_국가!$A:$A,0)),"") -> 중국 | P6: =IFERROR(INDEX(관세청_연도별_국가!$N:$N,MATCH($B6&"|"&$C6&"|3",관세청_연도별_국가!$A:$A,0)),"") -> 0.25450781 | Q6: =IF(K6="","",K6&" ("&TEXT(L6,"0.0%")&")")&IF(M6="","",", "&M6&" ("&TEXT(N6,"0.0%")&")")&IF(O6="","",", "&O6&" ("&TEXT(P6,"0.0%")&")") -> 미국 (46.0%), 일본 (26.6%), 중국 (25.5%) | R6: =IFERROR(INDEX(관세청_연도별_국가!$H:$H,MATCH($B6&"|"&$C6&"|W|1",관세청_연도별_국가!$AA:$AA,0)),"") -> 일본 | S6: =IFERROR(INDEX(관세청_연도별_국가!$O:$O,MATCH($B6&"|"&$C6&"|W|1",관세청_연도별_국가!$AA:$AA,0)),"") -> 0.3212294
A7: 탄탈륨 | B7: Ta | C7: 2024 | D7: =SUMIFS(관세청_연도별_국가!$J:$J,관세청_연도별_국가!$D:$D,$B7,관세청_연도별_국가!$E:$E,$C7)/1000 -> 134452.2 | E7: =SUMIFS(관세청_연도별_국가!$L:$L,관세청_연도별_국가!$D:$D,$B7,관세청_연도별_국가!$E:$E,$C7)/1000 -> 290.241 | F7: =IF(D6=0,"",D7/D6-1) -> 0.29227487 | G7: =IF(E6=0,"",E7/E6-1) -> 0.51272763 | H7: =SUMIFS(관세청_연도별_국가!$P:$P,관세청_연도별_국가!$D:$D,$B7,관세청_연도별_국가!$E:$E,$C7)/1000 -> 38618.293 | I7: =SUMIFS(관세청_연도별_국가!$R:$R,관세청_연도별_국가!$D:$D,$B7,관세청_연도별_국가!$E:$E,$C7)/1000 -> 230.705 | J7: =COUNTIFS(관세청_연도별_국가!$D:$D,$B7,관세청_연도별_국가!$E:$E,$C7,관세청_연도별_국가!$J:$J,">0") -> 16 | K7: =IFERROR(INDEX(관세청_연도별_국가!$H:$H,MATCH($B7&"|"&$C7&"|1",관세청_연도별_국가!$A:$A,0)),"") -> 미국 | L7: =IFERROR(INDEX(관세청_연도별_국가!$N:$N,MATCH($B7&"|"&$C7&"|1",관세청_연도별_국가!$A:$A,0)),"") -> 0.41462354 | M7: =IFERROR(INDEX(관세청_연도별_국가!$H:$H,MATCH($B7&"|"&$C7&"|2",관세청_연도별_국가!$A:$A,0)),"") -> 중국 | N7: =IFERROR(INDEX(관세청_연도별_국가!$N:$N,MATCH($B7&"|"&$C7&"|2",관세청_연도별_국가!$A:$A,0)),"") -> 0.28357284 | O7: =IFERROR(INDEX(관세청_연도별_국가!$H:$H,MATCH($B7&"|"&$C7&"|3",관세청_연도별_국가!$A:$A,0)),"") -> 일본 | P7: =IFERROR(INDEX(관세청_연도별_국가!$N:$N,MATCH($B7&"|"&$C7&"|3",관세청_연도별_국가!$A:$A,0)),"") -> 0.27077776 | Q7: =IF(K7="","",K7&" ("&TEXT(L7,"0.0%")&")")&IF(M7="","",", "&M7&" ("&TEXT(N7,"0.0%")&")")&IF(O7="","",", "&O7&" ("&TEXT(P7,"0.0%")&")") -> 미국 (41.5%), 중국 (28.4%), 일본 (27.1%) | R7: =IFERROR(INDEX(관세청_연도별_국가!$H:$H,MATCH($B7&"|"&$C7&"|W|1",관세청_연도별_국가!$AA:$AA,0)),"") -> 일본 | S7: =IFERROR(INDEX(관세청_연도별_국가!$O:$O,MATCH($B7&"|"&$C7&"|W|1",관세청_연도별_국가!$AA:$AA,0)),"") -> 0.32741067
A8: 탄탈륨 | B8: Ta | C8: 2025 | D8: =SUMIFS(관세청_연도별_국가!$J:$J,관세청_연도별_국가!$D:$D,$B8,관세청_연도별_국가!$E:$E,$C8)/1000 -> 118438.01 | E8: =SUMIFS(관세청_연도별_국가!$L:$L,관세청_연도별_국가!$D:$D,$B8,관세청_연도별_국가!$E:$E,$C8)/1000 -> 270.143 | F8: =IF(D7=0,"",D8/D7-1) -> -0.11910691 | G8: =IF(E7=0,"",E8/E7-1) -> -0.069245903 | H8: =SUMIFS(관세청_연도별_국가!$P:$P,관세청_연도별_국가!$D:$D,$B8,관세청_연도별_국가!$E:$E,$C8)/1000 -> 27876.494 | I8: =SUMIFS(관세청_연도별_국가!$R:$R,관세청_연도별_국가!$D:$D,$B8,관세청_연도별_국가!$E:$E,$C8)/1000 -> 225.946 | J8: =COUNTIFS(관세청_연도별_국가!$D:$D,$B8,관세청_연도별_국가!$E:$E,$C8,관세청_연도별_국가!$J:$J,">0") -> 18 | K8: =IFERROR(INDEX(관세청_연도별_국가!$H:$H,MATCH($B8&"|"&$C8&"|1",관세청_연도별_국가!$A:$A,0)),"") -> 미국 | L8: =IFERROR(INDEX(관세청_연도별_국가!$N:$N,MATCH($B8&"|"&$C8&"|1",관세청_연도별_국가!$A:$A,0)),"") -> 0.45221979 | M8: =IFERROR(INDEX(관세청_연도별_국가!$H:$H,MATCH($B8&"|"&$C8&"|2",관세청_연도별_국가!$A:$A,0)),"") -> 일본 | N8: =IFERROR(INDEX(관세청_연도별_국가!$N:$N,MATCH($B8&"|"&$C8&"|2",관세청_연도별_국가!$A:$A,0)),"") -> 0.33054406 | O8: =IFERROR(INDEX(관세청_연도별_국가!$H:$H,MATCH($B8&"|"&$C8&"|3",관세청_연도별_국가!$A:$A,0)),"") -> 중국 | P8: =IFERROR(INDEX(관세청_연도별_국가!$N:$N,MATCH($B8&"|"&$C8&"|3",관세청_연도별_국가!$A:$A,0)),"") -> 0.20605813 | Q8: =IF(K8="","",K8&" ("&TEXT(L8,"0.0%")&")")&IF(M8="","",", "&M8&" ("&TEXT(N8,"0.0%")&")")&IF(O8="","",", "&O8&" ("&TEXT(P8,"0.0%")&")") -> 미국 (45.2%), 일본 (33.1%), 중국 (20.6%) | R8: =IFERROR(INDEX(관세청_연도별_국가!$H:$H,MATCH($B8&"|"&$C8&"|W|1",관세청_연도별_국가!$AA:$AA,0)),"") -> 일본 | S8: =IFERROR(INDEX(관세청_연도별_국가!$O:$O,MATCH($B8&"|"&$C8&"|W|1",관세청_연도별_국가!$AA:$AA,0)),"") -> 0.42997968
A9: 탄탈륨 | B9: Ta | C9: 2026 | D9: =SUMIFS(관세청_연도별_국가!$J:$J,관세청_연도별_국가!$D:$D,$B9,관세청_연도별_국가!$E:$E,$C9)/1000 -> 64529.864 | E9: =SUMIFS(관세청_연도별_국가!$L:$L,관세청_연도별_국가!$D:$D,$B9,관세청_연도별_국가!$E:$E,$C9)/1000 -> 81.128 | F9: =IF(D8=0,"",D9/D8-1) -> -0.45515919 | G9: =IF(E8=0,"",E9/E8-1) -> -0.69968498 | H9: =SUMIFS(관세청_연도별_국가!$P:$P,관세청_연도별_국가!$D:$D,$B9,관세청_연도별_국가!$E:$E,$C9)/1000 -> 29318.588 | I9: =SUMIFS(관세청_연도별_국가!$R:$R,관세청_연도별_국가!$D:$D,$B9,관세청_연도별_국가!$E:$E,$C9)/1000 -> 223.594 | J9: =COUNTIFS(관세청_연도별_국가!$D:$D,$B9,관세청_연도별_국가!$E:$E,$C9,관세청_연도별_국가!$J:$J,">0") -> 18 | K9: =IFERROR(INDEX(관세청_연도별_국가!$H:$H,MATCH($B9&"|"&$C9&"|1",관세청_연도별_국가!$A:$A,0)),"") -> 미국 | L9: =IFERROR(INDEX(관세청_연도별_국가!$N:$N,MATCH($B9&"|"&$C9&"|1",관세청_연도별_국가!$A:$A,0)),"") -> 0.79639091 | M9: =IFERROR(INDEX(관세청_연도별_국가!$H:$H,MATCH($B9&"|"&$C9&"|2",관세청_연도별_국가!$A:$A,0)),"") -> 중국 | N9: =IFERROR(INDEX(관세청_연도별_국가!$N:$N,MATCH($B9&"|"&$C9&"|2",관세청_연도별_국가!$A:$A,0)),"") -> 0.16233947 | O9: =IFERROR(INDEX(관세청_연도별_국가!$H:$H,MATCH($B9&"|"&$C9&"|3",관세청_연도별_국가!$A:$A,0)),"") -> 필리핀 | P9: =IFERROR(INDEX(관세청_연도별_국가!$N:$N,MATCH($B9&"|"&$C9&"|3",관세청_연도별_국가!$A:$A,0)),"") -> 0.0128909 | Q9: =IF(K9="","",K9&" ("&TEXT(L9,"0.0%")&")")&IF(M9="","",", "&M9&" ("&TEXT(N9,"0.0%")&")")&IF(O9="","",", "&O9&" ("&TEXT(P9,"0.0%")&")") -> 미국 (79.6%), 중국 (16.2%), 필리핀 (1.3%) | R9: =IFERROR(INDEX(관세청_연도별_국가!$H:$H,MATCH($B9&"|"&$C9&"|W|1",관세청_연도별_국가!$AA:$AA,0)),"") -> 미국 | S9: =IFERROR(INDEX(관세청_연도별_국가!$O:$O,MATCH($B9&"|"&$C9&"|W|1",관세청_연도별_국가!$AA:$AA,0)),"") -> 0.72968642 | T9: 2026년은 1~9월 누계
A10: 니오븀 | B10: Nb | C10: 2020 | D10: =SUMIFS(관세청_연도별_국가!$J:$J,관세청_연도별_국가!$D:$D,$B10,관세청_연도별_국가!$E:$E,$C10)/1000 -> 153511.49 | E10: =SUMIFS(관세청_연도별_국가!$L:$L,관세청_연도별_국가!$D:$D,$B10,관세청_연도별_국가!$E:$E,$C10)/1000 -> 6262.966 | H10: =SUMIFS(관세청_연도별_국가!$P:$P,관세청_연도별_국가!$D:$D,$B10,관세청_연도별_국가!$E:$E,$C10)/1000 -> 2359.506 | I10: =SUMIFS(관세청_연도별_국가!$R:$R,관세청_연도별_국가!$D:$D,$B10,관세청_연도별_국가!$E:$E,$C10)/1000 -> 74.781 | J10: =COUNTIFS(관세청_연도별_국가!$D:$D,$B10,관세청_연도별_국가!$E:$E,$C10,관세청_연도별_국가!$J:$J,">0") -> 12 | K10: =IFERROR(INDEX(관세청_연도별_국가!$H:$H,MATCH($B10&"|"&$C10&"|1",관세청_연도별_국가!$A:$A,0)),"") -> 브라질 | L10: =IFERROR(INDEX(관세청_연도별_국가!$N:$N,MATCH($B10&"|"&$C10&"|1",관세청_연도별_국가!$A:$A,0)),"") -> 0.90011933 | M10: =IFERROR(INDEX(관세청_연도별_국가!$H:$H,MATCH($B10&"|"&$C10&"|2",관세청_연도별_국가!$A:$A,0)),"") -> 캐나다 | N10: =IFERROR(INDEX(관세청_연도별_국가!$N:$N,MATCH($B10&"|"&$C10&"|2",관세청_연도별_국가!$A:$A,0)),"") -> 0.047432566 | O10: =IFERROR(INDEX(관세청_연도별_국가!$H:$H,MATCH($B10&"|"&$C10&"|3",관세청_연도별_국가!$A:$A,0)),"") -> 미국 | P10: =IFERROR(INDEX(관세청_연도별_국가!$N:$N,MATCH($B10&"|"&$C10&"|3",관세청_연도별_국가!$A:$A,0)),"") -> 0.034828526 | Q10: =IF(K10="","",K10&" ("&TEXT(L10,"0.0%")&")")&IF(M10="","",", "&M10&" ("&TEXT(N10,"0.0%")&")")&IF(O10="","",", "&O10&" ("&TEXT(P10,"0.0%")&")") -> 브라질 (90.0%), 캐나다 (4.7%), 미국 (3.5%) | R10: =IFERROR(INDEX(관세청_연도별_국가!$H:$H,MATCH($B10&"|"&$C10&"|W|1",관세청_연도별_국가!$AA:$AA,0)),"") -> 브라질 | S10: =IFERROR(INDEX(관세청_연도별_국가!$O:$O,MATCH($B10&"|"&$C10&"|W|1",관세청_연도별_국가!$AA:$AA,0)),"") -> 0.94172633
A11: 니오븀 | B11: Nb | C11: 2021 | D11: =SUMIFS(관세청_연도별_국가!$J:$J,관세청_연도별_국가!$D:$D,$B11,관세청_연도별_국가!$E:$E,$C11)/1000 -> 200215.97 | E11: =SUMIFS(관세청_연도별_국가!$L:$L,관세청_연도별_국가!$D:$D,$B11,관세청_연도별_국가!$E:$E,$C11)/1000 -> 7939.319 | F11: =IF(D10=0,"",D11/D10-1) -> 0.30424089 | G11: =IF(E10=0,"",E11/E10-1) -> 0.2676612 | H11: =SUMIFS(관세청_연도별_국가!$P:$P,관세청_연도별_국가!$D:$D,$B11,관세청_연도별_국가!$E:$E,$C11)/1000 -> 4616.073 | I11: =SUMIFS(관세청_연도별_국가!$R:$R,관세청_연도별_국가!$D:$D,$B11,관세청_연도별_국가!$E:$E,$C11)/1000 -> 162.993 | J11: =COUNTIFS(관세청_연도별_국가!$D:$D,$B11,관세청_연도별_국가!$E:$E,$C11,관세청_연도별_국가!$J:$J,">0") -> 12 | K11: =IFERROR(INDEX(관세청_연도별_국가!$H:$H,MATCH($B11&"|"&$C11&"|1",관세청_연도별_국가!$A:$A,0)),"") -> 브라질 | L11: =IFERROR(INDEX(관세청_연도별_국가!$N:$N,MATCH($B11&"|"&$C11&"|1",관세청_연도별_국가!$A:$A,0)),"") -> 0.96672477 | M11: =IFERROR(INDEX(관세청_연도별_국가!$H:$H,MATCH($B11&"|"&$C11&"|2",관세청_연도별_국가!$A:$A,0)),"") -> 캐나다 | N11: =IFERROR(INDEX(관세청_연도별_국가!$N:$N,MATCH($B11&"|"&$C11&"|2",관세청_연도별_국가!$A:$A,0)),"") -> 0.012346788 | O11: =IFERROR(INDEX(관세청_연도별_국가!$H:$H,MATCH($B11&"|"&$C11&"|3",관세청_연도별_국가!$A:$A,0)),"") -> 미국 | P11: =IFERROR(INDEX(관세청_연도별_국가!$N:$N,MATCH($B11&"|"&$C11&"|3",관세청_연도별_국가!$A:$A,0)),"") -> 0.0087996778 | Q11: =IF(K11="","",K11&" ("&TEXT(L11,"0.0%")&")")&IF(M11="","",", "&M11&" ("&TEXT(N11,"0.0%")&")")&IF(O11="","",", "&O11&" ("&TEXT(P11,"0.0%")&")") -> 브라질 (96.7%), 캐나다 (1.2%), 미국 (0.9%) | R11: =IFERROR(INDEX(관세청_연도별_국가!$H:$H,MATCH($B11&"|"&$C11&"|W|1",관세청_연도별_국가!$AA:$AA,0)),"") -> 브라질 | S11: =IFERROR(INDEX(관세청_연도별_국가!$O:$O,MATCH($B11&"|"&$C11&"|W|1",관세청_연도별_국가!$AA:$AA,0)),"") -> 0.98182224
A12: 니오븀 | B12: Nb | C12: 2022 | D12: =SUMIFS(관세청_연도별_국가!$J:$J,관세청_연도별_국가!$D:$D,$B12,관세청_연도별_국가!$E:$E,$C12)/1000 -> 195498.99 | E12: =SUMIFS(관세청_연도별_국가!$L:$L,관세청_연도별_국가!$D:$D,$B12,관세청_연도별_국가!$E:$E,$C12)/1000 -> 6940.047 | F12: =IF(D11=0,"",D12/D11-1) -> -0.023559465 | G12: =IF(E11=0,"",E12/E11-1) -> -0.12586369 | H12: =SUMIFS(관세청_연도별_국가!$P:$P,관세청_연도별_국가!$D:$D,$B12,관세청_연도별_국가!$E:$E,$C12)/1000 -> 1331.273 | I12: =SUMIFS(관세청_연도별_국가!$R:$R,관세청_연도별_국가!$D:$D,$B12,관세청_연도별_국가!$E:$E,$C12)/1000 -> 46.029 | J12: =COUNTIFS(관세청_연도별_국가!$D:$D,$B12,관세청_연도별_국가!$E:$E,$C12,관세청_연도별_국가!$J:$J,">0") -> 8 | K12: =IFERROR(INDEX(관세청_연도별_국가!$H:$H,MATCH($B12&"|"&$C12&"|1",관세청_연도별_국가!$A:$A,0)),"") -> 브라질 | L12: =IFERROR(INDEX(관세청_연도별_국가!$N:$N,MATCH($B12&"|"&$C12&"|1",관세청_연도별_국가!$A:$A,0)),"") -> 0.9648306 | M12: =IFERROR(INDEX(관세청_연도별_국가!$H:$H,MATCH($B12&"|"&$C12&"|2",관세청_연도별_국가!$A:$A,0)),"") -> 러시아 | N12: =IFERROR(INDEX(관세청_연도별_국가!$N:$N,MATCH($B12&"|"&$C12&"|2",관세청_연도별_국가!$A:$A,0)),"") -> 0.014116196 | O12: =IFERROR(INDEX(관세청_연도별_국가!$H:$H,MATCH($B12&"|"&$C12&"|3",관세청_연도별_국가!$A:$A,0)),"") -> 중국 | P12: =IFERROR(INDEX(관세청_연도별_국가!$N:$N,MATCH($B12&"|"&$C12&"|3",관세청_연도별_국가!$A:$A,0)),"") -> 0.0099998984 | Q12: =IF(K12="","",K12&" ("&TEXT(L12,"0.0%")&")")&IF(M12="","",", "&M12&" ("&TEXT(N12,"0.0%")&")")&IF(O12="","",", "&O12&" ("&TEXT(P12,"0.0%")&")") -> 브라질 (96.5%), 러시아 (1.4%), 중국 (1.0%) | R12: =IFERROR(INDEX(관세청_연도별_국가!$H:$H,MATCH($B12&"|"&$C12&"|W|1",관세청_연도별_국가!$AA:$AA,0)),"") -> 브라질 | S12: =IFERROR(INDEX(관세청_연도별_국가!$O:$O,MATCH($B12&"|"&$C12&"|W|1",관세청_연도별_국가!$AA:$AA,0)),"") -> 0.97982045
A13: 니오븀 | B13: Nb | C13: 2023 | D13: =SUMIFS(관세청_연도별_국가!$J:$J,관세청_연도별_국가!$D:$D,$B13,관세청_연도별_국가!$E:$E,$C13)/1000 -> 219660.56 | E13: =SUMIFS(관세청_연도별_국가!$L:$L,관세청_연도별_국가!$D:$D,$B13,관세청_연도별_국가!$E:$E,$C13)/1000 -> 7537.003 | F13: =IF(D12=0,"",D13/D12-1) -> 0.12358924 | G13: =IF(E12=0,"",E13/E12-1) -> 0.086016132 | H13: =SUMIFS(관세청_연도별_국가!$P:$P,관세청_연도별_국가!$D:$D,$B13,관세청_연도별_국가!$E:$E,$C13)/1000 -> 1838.871 | I13: =SUMIFS(관세청_연도별_국가!$R:$R,관세청_연도별_국가!$D:$D,$B13,관세청_연도별_국가!$E:$E,$C13)/1000 -> 40.373 | J13: =COUNTIFS(관세청_연도별_국가!$D:$D,$B13,관세청_연도별_국가!$E:$E,$C13,관세청_연도별_국가!$J:$J,">0") -> 13 | K13: =IFERROR(INDEX(관세청_연도별_국가!$H:$H,MATCH($B13&"|"&$C13&"|1",관세청_연도별_국가!$A:$A,0)),"") -> 브라질 | L13: =IFERROR(INDEX(관세청_연도별_국가!$N:$N,MATCH($B13&"|"&$C13&"|1",관세청_연도별_국가!$A:$A,0)),"") -> 0.96592818 | M13: =IFERROR(INDEX(관세청_연도별_국가!$H:$H,MATCH($B13&"|"&$C13&"|2",관세청_연도별_국가!$A:$A,0)),"") -> 중국 | N13: =IFERROR(INDEX(관세청_연도별_국가!$N:$N,MATCH($B13&"|"&$C13&"|2",관세청_연도별_국가!$A:$A,0)),"") -> 0.010189622 | O13: =IFERROR(INDEX(관세청_연도별_국가!$H:$H,MATCH($B13&"|"&$C13&"|3",관세청_연도별_국가!$A:$A,0)),"") -> 캐나다 | P13: =IFERROR(INDEX(관세청_연도별_국가!$N:$N,MATCH($B13&"|"&$C13&"|3",관세청_연도별_국가!$A:$A,0)),"") -> 0.0099393083 | Q13: =IF(K13="","",K13&" ("&TEXT(L13,"0.0%")&")")&IF(M13="","",", "&M13&" ("&TEXT(N13,"0.0%")&")")&IF(O13="","",", "&O13&" ("&TEXT(P13,"0.0%")&")") -> 브라질 (96.6%), 중국 (1.0%), 캐나다 (1.0%) | R13: =IFERROR(INDEX(관세청_연도별_국가!$H:$H,MATCH($B13&"|"&$C13&"|W|1",관세청_연도별_국가!$AA:$AA,0)),"") -> 브라질 | S13: =IFERROR(INDEX(관세청_연도별_국가!$O:$O,MATCH($B13&"|"&$C13&"|W|1",관세청_연도별_국가!$AA:$AA,0)),"") -> 0.98011106
A14: 니오븀 | B14: Nb | C14: 2024 | D14: =SUMIFS(관세청_연도별_국가!$J:$J,관세청_연도별_국가!$D:$D,$B14,관세청_연도별_국가!$E:$E,$C14)/1000 -> 231361.61 | E14: =SUMIFS(관세청_연도별_국가!$L:$L,관세청_연도별_국가!$D:$D,$B14,관세청_연도별_국가!$E:$E,$C14)/1000 -> 7881.64 | F14: =IF(D13=0,"",D14/D13-1) -> 0.053268803 | G14: =IF(E13=0,"",E14/E13-1) -> 0.045726 | H14: =SUMIFS(관세청_연도별_국가!$P:$P,관세청_연도별_국가!$D:$D,$B14,관세청_연도별_국가!$E:$E,$C14)/1000 -> 5665.607 | I14: =SUMIFS(관세청_연도별_국가!$R:$R,관세청_연도별_국가!$D:$D,$B14,관세청_연도별_국가!$E:$E,$C14)/1000 -> 92.255 | J14: =COUNTIFS(관세청_연도별_국가!$D:$D,$B14,관세청_연도별_국가!$E:$E,$C14,관세청_연도별_국가!$J:$J,">0") -> 9 | K14: =IFERROR(INDEX(관세청_연도별_국가!$H:$H,MATCH($B14&"|"&$C14&"|1",관세청_연도별_국가!$A:$A,0)),"") -> 브라질 | L14: =IFERROR(INDEX(관세청_연도별_국가!$N:$N,MATCH($B14&"|"&$C14&"|1",관세청_연도별_국가!$A:$A,0)),"") -> 0.9701721 | M14: =IFERROR(INDEX(관세청_연도별_국가!$H:$H,MATCH($B14&"|"&$C14&"|2",관세청_연도별_국가!$A:$A,0)),"") -> 중국 | N14: =IFERROR(INDEX(관세청_연도별_국가!$N:$N,MATCH($B14&"|"&$C14&"|2",관세청_연도별_국가!$A:$A,0)),"") -> 0.015624083 | O14: =IFERROR(INDEX(관세청_연도별_국가!$H:$H,MATCH($B14&"|"&$C14&"|3",관세청_연도별_국가!$A:$A,0)),"") -> 캐나다 | P14: =IFERROR(INDEX(관세청_연도별_국가!$N:$N,MATCH($B14&"|"&$C14&"|3",관세청_연도별_국가!$A:$A,0)),"") -> 0.0078386858 | Q14: =IF(K14="","",K14&" ("&TEXT(L14,"0.0%")&")")&IF(M14="","",", "&M14&" ("&TEXT(N14,"0.0%")&")")&IF(O14="","",", "&O14&" ("&TEXT(P14,"0.0%")&")") -> 브라질 (97.0%), 중국 (1.6%), 캐나다 (0.8%) | R14: =IFERROR(INDEX(관세청_연도별_국가!$H:$H,MATCH($B14&"|"&$C14&"|W|1",관세청_연도별_국가!$AA:$AA,0)),"") -> 브라질 | S14: =IFERROR(INDEX(관세청_연도별_국가!$O:$O,MATCH($B14&"|"&$C14&"|W|1",관세청_연도별_국가!$AA:$AA,0)),"") -> 0.98685058
A15: 니오븀 | B15: Nb | C15: 2025 | D15: =SUMIFS(관세청_연도별_국가!$J:$J,관세청_연도별_국가!$D:$D,$B15,관세청_연도별_국가!$E:$E,$C15)/1000 -> 230011.5 | E15: =SUMIFS(관세청_연도별_국가!$L:$L,관세청_연도별_국가!$D:$D,$B15,관세청_연도별_국가!$E:$E,$C15)/1000 -> 7748.315 | F15: =IF(D14=0,"",D15/D14-1) -> -0.0058355143 | G15: =IF(E14=0,"",E15/E14-1) -> -0.016915896 | H15: =SUMIFS(관세청_연도별_국가!$P:$P,관세청_연도별_국가!$D:$D,$B15,관세청_연도별_국가!$E:$E,$C15)/1000 -> 5480.645 | I15: =SUMIFS(관세청_연도별_국가!$R:$R,관세청_연도별_국가!$D:$D,$B15,관세청_연도별_국가!$E:$E,$C15)/1000 -> 162.681 | J15: =COUNTIFS(관세청_연도별_국가!$D:$D,$B15,관세청_연도별_국가!$E:$E,$C15,관세청_연도별_국가!$J:$J,">0") -> 12 | K15: =IFERROR(INDEX(관세청_연도별_국가!$H:$H,MATCH($B15&"|"&$C15&"|1",관세청_연도별_국가!$A:$A,0)),"") -> 브라질 | L15: =IFERROR(INDEX(관세청_연도별_국가!$N:$N,MATCH($B15&"|"&$C15&"|1",관세청_연도별_국가!$A:$A,0)),"") -> 0.96910054 | M15: =IFERROR(INDEX(관세청_연도별_국가!$H:$H,MATCH($B15&"|"&$C15&"|2",관세청_연도별_국가!$A:$A,0)),"") -> 중국 | N15: =IFERROR(INDEX(관세청_연도별_국가!$N:$N,MATCH($B15&"|"&$C15&"|2",관세청_연도별_국가!$A:$A,0)),"") -> 0.020982894 | O15: =IFERROR(INDEX(관세청_연도별_국가!$H:$H,MATCH($B15&"|"&$C15&"|3",관세청_연도별_국가!$A:$A,0)),"") -> 미국 | P15: =IFERROR(INDEX(관세청_연도별_국가!$N:$N,MATCH($B15&"|"&$C15&"|3",관세청_연도별_국가!$A:$A,0)),"") -> 0.0069663082 | Q15: =IF(K15="","",K15&" ("&TEXT(L15,"0.0%")&")")&IF(M15="","",", "&M15&" ("&TEXT(N15,"0.0%")&")")&IF(O15="","",", "&O15&" ("&TEXT(P15,"0.0%")&")") -> 브라질 (96.9%), 중국 (2.1%), 미국 (0.7%) | R15: =IFERROR(INDEX(관세청_연도별_국가!$H:$H,MATCH($B15&"|"&$C15&"|W|1",관세청_연도별_국가!$AA:$AA,0)),"") -> 브라질 | S15: =IFERROR(INDEX(관세청_연도별_국가!$O:$O,MATCH($B15&"|"&$C15&"|W|1",관세청_연도별_국가!$AA:$AA,0)),"") -> 0.99076367
A16: 니오븀 | B16: Nb | C16: 2026 | D16: =SUMIFS(관세청_연도별_국가!$J:$J,관세청_연도별_국가!$D:$D,$B16,관세청_연도별_국가!$E:$E,$C16)/1000 -> 186125.33 | E16: =SUMIFS(관세청_연도별_국가!$L:$L,관세청_연도별_국가!$D:$D,$B16,관세청_연도별_국가!$E:$E,$C16)/1000 -> 6184.071 | F16: =IF(D15=0,"",D16/D15-1) -> -0.19079989 | G16: =IF(E15=0,"",E16/E15-1) -> -0.20188183 | H16: =SUMIFS(관세청_연도별_국가!$P:$P,관세청_연도별_국가!$D:$D,$B16,관세청_연도별_국가!$E:$E,$C16)/1000 -> 4536.441 | I16: =SUMIFS(관세청_연도별_국가!$R:$R,관세청_연도별_국가!$D:$D,$B16,관세청_연도별_국가!$E:$E,$C16)/1000 -> 121.176 | J16: =COUNTIFS(관세청_연도별_국가!$D:$D,$B16,관세청_연도별_국가!$E:$E,$C16,관세청_연도별_국가!$J:$J,">0") -> 8 | K16: =IFERROR(INDEX(관세청_연도별_국가!$H:$H,MATCH($B16&"|"&$C16&"|1",관세청_연도별_국가!$A:$A,0)),"") -> 브라질 | L16: =IFERROR(INDEX(관세청_연도별_국가!$N:$N,MATCH($B16&"|"&$C16&"|1",관세청_연도별_국가!$A:$A,0)),"") -> 0.96510678 | M16: =IFERROR(INDEX(관세청_연도별_국가!$H:$H,MATCH($B16&"|"&$C16&"|2",관세청_연도별_국가!$A:$A,0)),"") -> 중국 | N16: =IFERROR(INDEX(관세청_연도별_국가!$N:$N,MATCH($B16&"|"&$C16&"|2",관세청_연도별_국가!$A:$A,0)),"") -> 0.014494878 | O16: =IFERROR(INDEX(관세청_연도별_국가!$H:$H,MATCH($B16&"|"&$C16&"|3",관세청_연도별_국가!$A:$A,0)),"") -> 캐나다 | P16: =IFERROR(INDEX(관세청_연도별_국가!$N:$N,MATCH($B16&"|"&$C16&"|3",관세청_연도별_국가!$A:$A,0)),"") -> 0.010529631 | Q16: =IF(K16="","",K16&" ("&TEXT(L16,"0.0%")&")")&IF(M16="","",", "&M16&" ("&TEXT(N16,"0.0%")&")")&IF(O16="","",", "&O16&" ("&TEXT(P16,"0.0%")&")") -> 브라질 (96.5%), 중국 (1.4%), 캐나다 (1.1%) | R16: =IFERROR(INDEX(관세청_연도별_국가!$H:$H,MATCH($B16&"|"&$C16&"|W|1",관세청_연도별_국가!$AA:$AA,0)),"") -> 브라질 | S16: =IFERROR(INDEX(관세청_연도별_국가!$O:$O,MATCH($B16&"|"&$C16&"|W|1",관세청_연도별_국가!$AA:$AA,0)),"") -> 0.98568225 | T16: 2026년은 1~9월 누계
A17: 인듐 | B17: In | C17: 2020 | D17: =SUMIFS(관세청_연도별_국가!$J:$J,관세청_연도별_국가!$D:$D,$B17,관세청_연도별_국가!$E:$E,$C17)/1000 -> 15381.706 | E17: =SUMIFS(관세청_연도별_국가!$L:$L,관세청_연도별_국가!$D:$D,$B17,관세청_연도별_국가!$E:$E,$C17)/1000 -> 111.785 | H17: =SUMIFS(관세청_연도별_국가!$P:$P,관세청_연도별_국가!$D:$D,$B17,관세청_연도별_국가!$E:$E,$C17)/1000 -> 28405.961 | I17: =SUMIFS(관세청_연도별_국가!$R:$R,관세청_연도별_국가!$D:$D,$B17,관세청_연도별_국가!$E:$E,$C17)/1000 -> 190.901 | J17: =COUNTIFS(관세청_연도별_국가!$D:$D,$B17,관세청_연도별_국가!$E:$E,$C17,관세청_연도별_국가!$J:$J,">0") -> 11 | K17: =IFERROR(INDEX(관세청_연도별_국가!$H:$H,MATCH($B17&"|"&$C17&"|1",관세청_연도별_국가!$A:$A,0)),"") -> 중국 | L17: =IFERROR(INDEX(관세청_연도별_국가!$N:$N,MATCH($B17&"|"&$C17&"|1",관세청_연도별_국가!$A:$A,0)),"") -> 0.36789593 | M17: =IFERROR(INDEX(관세청_연도별_국가!$H:$H,MATCH($B17&"|"&$C17&"|2",관세청_연도별_국가!$A:$A,0)),"") -> 일본 | N17: =IFERROR(INDEX(관세청_연도별_국가!$N:$N,MATCH($B17&"|"&$C17&"|2",관세청_연도별_국가!$A:$A,0)),"") -> 0.33302983 | O17: =IFERROR(INDEX(관세청_연도별_국가!$H:$H,MATCH($B17&"|"&$C17&"|3",관세청_연도별_국가!$A:$A,0)),"") -> 대만 | P17: =IFERROR(INDEX(관세청_연도별_국가!$N:$N,MATCH($B17&"|"&$C17&"|3",관세청_연도별_국가!$A:$A,0)),"") -> 0.14504451 | Q17: =IF(K17="","",K17&" ("&TEXT(L17,"0.0%")&")")&IF(M17="","",", "&M17&" ("&TEXT(N17,"0.0%")&")")&IF(O17="","",", "&O17&" ("&TEXT(P17,"0.0%")&")") -> 중국 (36.8%), 일본 (33.3%), 대만 (14.5%) | R17: =IFERROR(INDEX(관세청_연도별_국가!$H:$H,MATCH($B17&"|"&$C17&"|W|1",관세청_연도별_국가!$AA:$AA,0)),"") -> 일본 | S17: =IFERROR(INDEX(관세청_연도별_국가!$O:$O,MATCH($B17&"|"&$C17&"|W|1",관세청_연도별_국가!$AA:$AA,0)),"") -> 0.38150915
A18: 인듐 | B18: In | C18: 2021 | D18: =SUMIFS(관세청_연도별_국가!$J:$J,관세청_연도별_국가!$D:$D,$B18,관세청_연도별_국가!$E:$E,$C18)/1000 -> 66987.588 | E18: =SUMIFS(관세청_연도별_국가!$L:$L,관세청_연도별_국가!$D:$D,$B18,관세청_연도별_국가!$E:$E,$C18)/1000 -> 368.162 | F18: =IF(D17=0,"",D18/D17-1) -> 3.3550168 | G18: =IF(E17=0,"",E18/E17-1) -> 2.293483 | H18: =SUMIFS(관세청_연도별_국가!$P:$P,관세청_연도별_국가!$D:$D,$B18,관세청_연도별_국가!$E:$E,$C18)/1000 -> 33317.538 | I18: =SUMIFS(관세청_연도별_국가!$R:$R,관세청_연도별_국가!$D:$D,$B18,관세청_연도별_국가!$E:$E,$C18)/1000 -> 176.033 | J18: =COUNTIFS(관세청_연도별_국가!$D:$D,$B18,관세청_연도별_국가!$E:$E,$C18,관세청_연도별_국가!$J:$J,">0") -> 12 | K18: =IFERROR(INDEX(관세청_연도별_국가!$H:$H,MATCH($B18&"|"&$C18&"|1",관세청_연도별_국가!$A:$A,0)),"") -> 중국 | L18: =IFERROR(INDEX(관세청_연도별_국가!$N:$N,MATCH($B18&"|"&$C18&"|1",관세청_연도별_국가!$A:$A,0)),"") -> 0.82857184 | M18: =IFERROR(INDEX(관세청_연도별_국가!$H:$H,MATCH($B18&"|"&$C18&"|2",관세청_연도별_국가!$A:$A,0)),"") -> 일본 | N18: =IFERROR(INDEX(관세청_연도별_국가!$N:$N,MATCH($B18&"|"&$C18&"|2",관세청_연도별_국가!$A:$A,0)),"") -> 0.08912672 | O18: =IFERROR(INDEX(관세청_연도별_국가!$H:$H,MATCH($B18&"|"&$C18&"|3",관세청_연도별_국가!$A:$A,0)),"") -> 대만 | P18: =IFERROR(INDEX(관세청_연도별_국가!$N:$N,MATCH($B18&"|"&$C18&"|3",관세청_연도별_국가!$A:$A,0)),"") -> 0.031068472 | Q18: =IF(K18="","",K18&" ("&TEXT(L18,"0.0%")&")")&IF(M18="","",", "&M18&" ("&TEXT(N18,"0.0%")&")")&IF(O18="","",", "&O18&" ("&TEXT(P18,"0.0%")&")") -> 중국 (82.9%), 일본 (8.9%), 대만 (3.1%) | R18: =IFERROR(INDEX(관세청_연도별_국가!$H:$H,MATCH($B18&"|"&$C18&"|W|1",관세청_연도별_국가!$AA:$AA,0)),"") -> 중국 | S18: =IFERROR(INDEX(관세청_연도별_국가!$O:$O,MATCH($B18&"|"&$C18&"|W|1",관세청_연도별_국가!$AA:$AA,0)),"") -> 0.80755754
A19: 인듐 | B19: In | C19: 2022 | D19: =SUMIFS(관세청_연도별_국가!$J:$J,관세청_연도별_국가!$D:$D,$B19,관세청_연도별_국가!$E:$E,$C19)/1000 -> 74533.61 | E19: =SUMIFS(관세청_연도별_국가!$L:$L,관세청_연도별_국가!$D:$D,$B19,관세청_연도별_국가!$E:$E,$C19)/1000 -> 386.763 | F19: =IF(D18=0,"",D19/D18-1) -> 0.11264806 | G19: =IF(E18=0,"",E19/E18-1) -> 0.050523954 | H19: =SUMIFS(관세청_연도별_국가!$P:$P,관세청_연도별_국가!$D:$D,$B19,관세청_연도별_국가!$E:$E,$C19)/1000 -> 31739.134 | I19: =SUMIFS(관세청_연도별_국가!$R:$R,관세청_연도별_국가!$D:$D,$B19,관세청_연도별_국가!$E:$E,$C19)/1000 -> 142.449 | J19: =COUNTIFS(관세청_연도별_국가!$D:$D,$B19,관세청_연도별_국가!$E:$E,$C19,관세청_연도별_국가!$J:$J,">0") -> 13 | K19: =IFERROR(INDEX(관세청_연도별_국가!$H:$H,MATCH($B19&"|"&$C19&"|1",관세청_연도별_국가!$A:$A,0)),"") -> 중국 | L19: =IFERROR(INDEX(관세청_연도별_국가!$N:$N,MATCH($B19&"|"&$C19&"|1",관세청_연도별_국가!$A:$A,0)),"") -> 0.8696012 | M19: =IFERROR(INDEX(관세청_연도별_국가!$H:$H,MATCH($B19&"|"&$C19&"|2",관세청_연도별_국가!$A:$A,0)),"") -> 일본 | N19: =IFERROR(INDEX(관세청_연도별_국가!$N:$N,MATCH($B19&"|"&$C19&"|2",관세청_연도별_국가!$A:$A,0)),"") -> 0.097275229 | O19: =IFERROR(INDEX(관세청_연도별_국가!$H:$H,MATCH($B19&"|"&$C19&"|3",관세청_연도별_국가!$A:$A,0)),"") -> 대만 | P19: =IFERROR(INDEX(관세청_연도별_국가!$N:$N,MATCH($B19&"|"&$C19&"|3",관세청_연도별_국가!$A:$A,0)),"") -> 0.028204953 | Q19: =IF(K19="","",K19&" ("&TEXT(L19,"0.0%")&")")&IF(M19="","",", "&M19&" ("&TEXT(N19,"0.0%")&")")&IF(O19="","",", "&O19&" ("&TEXT(P19,"0.0%")&")") -> 중국 (87.0%), 일본 (9.7%), 대만 (2.8%) | R19: =IFERROR(INDEX(관세청_연도별_국가!$H:$H,MATCH($B19&"|"&$C19&"|W|1",관세청_연도별_국가!$AA:$AA,0)),"") -> 중국 | S19: =IFERROR(INDEX(관세청_연도별_국가!$O:$O,MATCH($B19&"|"&$C19&"|W|1",관세청_연도별_국가!$AA:$AA,0)),"") -> 0.87889741
A20: 인듐 | B20: In | C20: 2023 | D20: =SUMIFS(관세청_연도별_국가!$J:$J,관세청_연도별_국가!$D:$D,$B20,관세청_연도별_국가!$E:$E,$C20)/1000 -> 74382.846 | E20: =SUMIFS(관세청_연도별_국가!$L:$L,관세청_연도별_국가!$D:$D,$B20,관세청_연도별_국가!$E:$E,$C20)/1000 -> 386.831 | F20: =IF(D19=0,"",D20/D19-1) -> -0.0020227653 | G20: =IF(E19=0,"",E20/E19-1) -> 0.00017581827 | H20: =SUMIFS(관세청_연도별_국가!$P:$P,관세청_연도별_국가!$D:$D,$B20,관세청_연도별_국가!$E:$E,$C20)/1000 -> 31463.445 | I20: =SUMIFS(관세청_연도별_국가!$R:$R,관세청_연도별_국가!$D:$D,$B20,관세청_연도별_국가!$E:$E,$C20)/1000 -> 152.869 | J20: =COUNTIFS(관세청_연도별_국가!$D:$D,$B20,관세청_연도별_국가!$E:$E,$C20,관세청_연도별_국가!$J:$J,">0") -> 13 | K20: =IFERROR(INDEX(관세청_연도별_국가!$H:$H,MATCH($B20&"|"&$C20&"|1",관세청_연도별_국가!$A:$A,0)),"") -> 중국 | L20: =IFERROR(INDEX(관세청_연도별_국가!$N:$N,MATCH($B20&"|"&$C20&"|1",관세청_연도별_국가!$A:$A,0)),"") -> 0.90008905 | M20: =IFERROR(INDEX(관세청_연도별_국가!$H:$H,MATCH($B20&"|"&$C20&"|2",관세청_연도별_국가!$A:$A,0)),"") -> 일본 | N20: =IFERROR(INDEX(관세청_연도별_국가!$N:$N,MATCH($B20&"|"&$C20&"|2",관세청_연도별_국가!$A:$A,0)),"") -> 0.06788299 | O20: =IFERROR(INDEX(관세청_연도별_국가!$H:$H,MATCH($B20&"|"&$C20&"|3",관세청_연도별_국가!$A:$A,0)),"") -> 대만 | P20: =IFERROR(INDEX(관세청_연도별_국가!$N:$N,MATCH($B20&"|"&$C20&"|3",관세청_연도별_국가!$A:$A,0)),"") -> 0.022120598 | Q20: =IF(K20="","",K20&" ("&TEXT(L20,"0.0%")&")")&IF(M20="","",", "&M20&" ("&TEXT(N20,"0.0%")&")")&IF(O20="","",", "&O20&" ("&TEXT(P20,"0.0%")&")") -> 중국 (90.0%), 일본 (6.8%), 대만 (2.2%) | R20: =IFERROR(INDEX(관세청_연도별_국가!$H:$H,MATCH($B20&"|"&$C20&"|W|1",관세청_연도별_국가!$AA:$AA,0)),"") -> 중국 | S20: =IFERROR(INDEX(관세청_연도별_국가!$O:$O,MATCH($B20&"|"&$C20&"|W|1",관세청_연도별_국가!$AA:$AA,0)),"") -> 0.88654736
A21: 인듐 | B21: In | C21: 2024 | D21: =SUMIFS(관세청_연도별_국가!$J:$J,관세청_연도별_국가!$D:$D,$B21,관세청_연도별_국가!$E:$E,$C21)/1000 -> 94341.571 | E21: =SUMIFS(관세청_연도별_국가!$L:$L,관세청_연도별_국가!$D:$D,$B21,관세청_연도별_국가!$E:$E,$C21)/1000 -> 382.153 | F21: =IF(D20=0,"",D21/D20-1) -> 0.2683243 | G21: =IF(E20=0,"",E21/E20-1) -> -0.012093136 | H21: =SUMIFS(관세청_연도별_국가!$P:$P,관세청_연도별_국가!$D:$D,$B21,관세청_연도별_국가!$E:$E,$C21)/1000 -> 42679.295 | I21: =SUMIFS(관세청_연도별_국가!$R:$R,관세청_연도별_국가!$D:$D,$B21,관세청_연도별_국가!$E:$E,$C21)/1000 -> 149.018 | J21: =COUNTIFS(관세청_연도별_국가!$D:$D,$B21,관세청_연도별_국가!$E:$E,$C21,관세청_연도별_국가!$J:$J,">0") -> 11 | K21: =IFERROR(INDEX(관세청_연도별_국가!$H:$H,MATCH($B21&"|"&$C21&"|1",관세청_연도별_국가!$A:$A,0)),"") -> 중국 | L21: =IFERROR(INDEX(관세청_연도별_국가!$N:$N,MATCH($B21&"|"&$C21&"|1",관세청_연도별_국가!$A:$A,0)),"") -> 0.94232744 | M21: =IFERROR(INDEX(관세청_연도별_국가!$H:$H,MATCH($B21&"|"&$C21&"|2",관세청_연도별_국가!$A:$A,0)),"") -> 일본 | N21: =IFERROR(INDEX(관세청_연도별_국가!$N:$N,MATCH($B21&"|"&$C21&"|2",관세청_연도별_국가!$A:$A,0)),"") -> 0.028637694 | O21: =IFERROR(INDEX(관세청_연도별_국가!$H:$H,MATCH($B21&"|"&$C21&"|3",관세청_연도별_국가!$A:$A,0)),"") -> 대만 | P21: =IFERROR(INDEX(관세청_연도별_국가!$N:$N,MATCH($B21&"|"&$C21&"|3",관세청_연도별_국가!$A:$A,0)),"") -> 0.015453251 | Q21: =IF(K21="","",K21&" ("&TEXT(L21,"0.0%")&")")&IF(M21="","",", "&M21&" ("&TEXT(N21,"0.0%")&")")&IF(O21="","",", "&O21&" ("&TEXT(P21,"0.0%")&")") -> 중국 (94.2%), 일본 (2.9%), 대만 (1.5%) | R21: =IFERROR(INDEX(관세청_연도별_국가!$H:$H,MATCH($B21&"|"&$C21&"|W|1",관세청_연도별_국가!$AA:$AA,0)),"") -> 중국 | S21: =IFERROR(INDEX(관세청_연도별_국가!$O:$O,MATCH($B21&"|"&$C21&"|W|1",관세청_연도별_국가!$AA:$AA,0)),"") -> 0.91720332
A22: 인듐 | B22: In | C22: 2025 | D22: =SUMIFS(관세청_연도별_국가!$J:$J,관세청_연도별_국가!$D:$D,$B22,관세청_연도별_국가!$E:$E,$C22)/1000 -> 86537.323 | E22: =SUMIFS(관세청_연도별_국가!$L:$L,관세청_연도별_국가!$D:$D,$B22,관세청_연도별_국가!$E:$E,$C22)/1000 -> 277.705 | F22: =IF(D21=0,"",D22/D21-1) -> -0.08272332 | G22: =IF(E21=0,"",E22/E21-1) -> -0.27331461 | H22: =SUMIFS(관세청_연도별_국가!$P:$P,관세청_연도별_국가!$D:$D,$B22,관세청_연도별_국가!$E:$E,$C22)/1000 -> 54278.9 | I22: =SUMIFS(관세청_연도별_국가!$R:$R,관세청_연도별_국가!$D:$D,$B22,관세청_연도별_국가!$E:$E,$C22)/1000 -> 157.767 | J22: =COUNTIFS(관세청_연도별_국가!$D:$D,$B22,관세청_연도별_국가!$E:$E,$C22,관세청_연도별_국가!$J:$J,">0") -> 13 | K22: =IFERROR(INDEX(관세청_연도별_국가!$H:$H,MATCH($B22&"|"&$C22&"|1",관세청_연도별_국가!$A:$A,0)),"") -> 중국 | L22: =IFERROR(INDEX(관세청_연도별_국가!$N:$N,MATCH($B22&"|"&$C22&"|1",관세청_연도별_국가!$A:$A,0)),"") -> 0.94154223 | M22: =IFERROR(INDEX(관세청_연도별_국가!$H:$H,MATCH($B22&"|"&$C22&"|2",관세청_연도별_국가!$A:$A,0)),"") -> 일본 | N22: =IFERROR(INDEX(관세청_연도별_국가!$N:$N,MATCH($B22&"|"&$C22&"|2",관세청_연도별_국가!$A:$A,0)),"") -> 0.035643314 | O22: =IFERROR(INDEX(관세청_연도별_국가!$H:$H,MATCH($B22&"|"&$C22&"|3",관세청_연도별_국가!$A:$A,0)),"") -> 미국 | P22: =IFERROR(INDEX(관세청_연도별_국가!$N:$N,MATCH($B22&"|"&$C22&"|3",관세청_연도별_국가!$A:$A,0)),"") -> 0.0097873492 | Q22: =IF(K22="","",K22&" ("&TEXT(L22,"0.0%")&")")&IF(M22="","",", "&M22&" ("&TEXT(N22,"0.0%")&")")&IF(O22="","",", "&O22&" ("&TEXT(P22,"0.0%")&")") -> 중국 (94.2%), 일본 (3.6%), 미국 (1.0%) | R22: =IFERROR(INDEX(관세청_연도별_국가!$H:$H,MATCH($B22&"|"&$C22&"|W|1",관세청_연도별_국가!$AA:$AA,0)),"") -> 중국 | S22: =IFERROR(INDEX(관세청_연도별_국가!$O:$O,MATCH($B22&"|"&$C22&"|W|1",관세청_연도별_국가!$AA:$AA,0)),"") -> 0.92382204
A23: 인듐 | B23: In | C23: 2026 | D23: =SUMIFS(관세청_연도별_국가!$J:$J,관세청_연도별_국가!$D:$D,$B23,관세청_연도별_국가!$E:$E,$C23)/1000 -> 75042.293 | E23: =SUMIFS(관세청_연도별_국가!$L:$L,관세청_연도별_국가!$D:$D,$B23,관세청_연도별_국가!$E:$E,$C23)/1000 -> 144.863 | F23: =IF(D22=0,"",D23/D22-1) -> -0.13283321 | G23: =IF(E22=0,"",E23/E22-1) -> -0.47835653 | H23: =SUMIFS(관세청_연도별_국가!$P:$P,관세청_연도별_국가!$D:$D,$B23,관세청_연도별_국가!$E:$E,$C23)/1000 -> 62001.404 | I23: =SUMIFS(관세청_연도별_국가!$R:$R,관세청_연도별_국가!$D:$D,$B23,관세청_연도별_국가!$E:$E,$C23)/1000 -> 103.367 | J23: =COUNTIFS(관세청_연도별_국가!$D:$D,$B23,관세청_연도별_국가!$E:$E,$C23,관세청_연도별_국가!$J:$J,">0") -> 11 | K23: =IFERROR(INDEX(관세청_연도별_국가!$H:$H,MATCH($B23&"|"&$C23&"|1",관세청_연도별_국가!$A:$A,0)),"") -> 중국 | L23: =IFERROR(INDEX(관세청_연도별_국가!$N:$N,MATCH($B23&"|"&$C23&"|1",관세청_연도별_국가!$A:$A,0)),"") -> 0.88856716 | M23: =IFERROR(INDEX(관세청_연도별_국가!$H:$H,MATCH($B23&"|"&$C23&"|2",관세청_연도별_국가!$A:$A,0)),"") -> 일본 | N23: =IFERROR(INDEX(관세청_연도별_국가!$N:$N,MATCH($B23&"|"&$C23&"|2",관세청_연도별_국가!$A:$A,0)),"") -> 0.048102275 | O23: =IFERROR(INDEX(관세청_연도별_국가!$H:$H,MATCH($B23&"|"&$C23&"|3",관세청_연도별_국가!$A:$A,0)),"") -> 미국 | P23: =IFERROR(INDEX(관세청_연도별_국가!$N:$N,MATCH($B23&"|"&$C23&"|3",관세청_연도별_국가!$A:$A,0)),"") -> 0.035539692 | Q23: =IF(K23="","",K23&" ("&TEXT(L23,"0.0%")&")")&IF(M23="","",", "&M23&" ("&TEXT(N23,"0.0%")&")")&IF(O23="","",", "&O23&" ("&TEXT(P23,"0.0%")&")") -> 중국 (88.9%), 일본 (4.8%), 미국 (3.6%) | R23: =IFERROR(INDEX(관세청_연도별_국가!$H:$H,MATCH($B23&"|"&$C23&"|W|1",관세청_연도별_국가!$AA:$AA,0)),"") -> 중국 | S23: =IFERROR(INDEX(관세청_연도별_국가!$O:$O,MATCH($B23&"|"&$C23&"|W|1",관세청_연도별_국가!$AA:$AA,0)),"") -> 0.85691308 | T23: 2026년은 1~9월 누계
A24: 갈륨 | B24: Ga | C24: 2020 | D24: =SUMIFS(관세청_연도별_국가!$J:$J,관세청_연도별_국가!$D:$D,$B24,관세청_연도별_국가!$E:$E,$C24)/1000 -> 4833.837 | E24: =SUMIFS(관세청_연도별_국가!$L:$L,관세청_연도별_국가!$D:$D,$B24,관세청_연도별_국가!$E:$E,$C24)/1000 -> 32.647 | H24: =SUMIFS(관세청_연도별_국가!$P:$P,관세청_연도별_국가!$D:$D,$B24,관세청_연도별_국가!$E:$E,$C24)/1000 -> 1213.232 | I24: =SUMIFS(관세청_연도별_국가!$R:$R,관세청_연도별_국가!$D:$D,$B24,관세청_연도별_국가!$E:$E,$C24)/1000 -> 7.022 | J24: =COUNTIFS(관세청_연도별_국가!$D:$D,$B24,관세청_연도별_국가!$E:$E,$C24,관세청_연도별_국가!$J:$J,">0") -> 10 | K24: =IFERROR(INDEX(관세청_연도별_국가!$H:$H,MATCH($B24&"|"&$C24&"|1",관세청_연도별_국가!$A:$A,0)),"") -> 중국 | L24: =IFERROR(INDEX(관세청_연도별_국가!$N:$N,MATCH($B24&"|"&$C24&"|1",관세청_연도별_국가!$A:$A,0)),"") -> 0.43190099 | M24: =IFERROR(INDEX(관세청_연도별_국가!$H:$H,MATCH($B24&"|"&$C24&"|2",관세청_연도별_국가!$A:$A,0)),"") -> 미국 | N24: =IFERROR(INDEX(관세청_연도별_국가!$N:$N,MATCH($B24&"|"&$C24&"|2",관세청_연도별_국가!$A:$A,0)),"") -> 0.23004437 | O24: =IFERROR(INDEX(관세청_연도별_국가!$H:$H,MATCH($B24&"|"&$C24&"|3",관세청_연도별_국가!$A:$A,0)),"") -> 일본 | P24: =IFERROR(INDEX(관세청_연도별_국가!$N:$N,MATCH($B24&"|"&$C24&"|3",관세청_연도별_국가!$A:$A,0)),"") -> 0.19250028 | Q24: =IF(K24="","",K24&" ("&TEXT(L24,"0.0%")&")")&IF(M24="","",", "&M24&" ("&TEXT(N24,"0.0%")&")")&IF(O24="","",", "&O24&" ("&TEXT(P24,"0.0%")&")") -> 중국 (43.2%), 미국 (23.0%), 일본 (19.3%) | R24: =IFERROR(INDEX(관세청_연도별_국가!$H:$H,MATCH($B24&"|"&$C24&"|W|1",관세청_연도별_국가!$AA:$AA,0)),"") -> 벨기에 | S24: =IFERROR(INDEX(관세청_연도별_국가!$O:$O,MATCH($B24&"|"&$C24&"|W|1",관세청_연도별_국가!$AA:$AA,0)),"") -> 0.43648727
A25: 갈륨 | B25: Ga | C25: 2021 | D25: =SUMIFS(관세청_연도별_국가!$J:$J,관세청_연도별_국가!$D:$D,$B25,관세청_연도별_국가!$E:$E,$C25)/1000 -> 3315.714 | E25: =SUMIFS(관세청_연도별_국가!$L:$L,관세청_연도별_국가!$D:$D,$B25,관세청_연도별_국가!$E:$E,$C25)/1000 -> 5.133 | F25: =IF(D24=0,"",D25/D24-1) -> -0.31406169 | G25: =IF(E24=0,"",E25/E24-1) -> -0.84277269 | H25: =SUMIFS(관세청_연도별_국가!$P:$P,관세청_연도별_국가!$D:$D,$B25,관세청_연도별_국가!$E:$E,$C25)/1000 -> 1896.093 | I25: =SUMIFS(관세청_연도별_국가!$R:$R,관세청_연도별_국가!$D:$D,$B25,관세청_연도별_국가!$E:$E,$C25)/1000 -> 6.721 | J25: =COUNTIFS(관세청_연도별_국가!$D:$D,$B25,관세청_연도별_국가!$E:$E,$C25,관세청_연도별_국가!$J:$J,">0") -> 10 | K25: =IFERROR(INDEX(관세청_연도별_국가!$H:$H,MATCH($B25&"|"&$C25&"|1",관세청_연도별_국가!$A:$A,0)),"") -> 미국 | L25: =IFERROR(INDEX(관세청_연도별_국가!$N:$N,MATCH($B25&"|"&$C25&"|1",관세청_연도별_국가!$A:$A,0)),"") -> 0.50841659 | M25: =IFERROR(INDEX(관세청_연도별_국가!$H:$H,MATCH($B25&"|"&$C25&"|2",관세청_연도별_국가!$A:$A,0)),"") -> 중국 | N25: =IFERROR(INDEX(관세청_연도별_국가!$N:$N,MATCH($B25&"|"&$C25&"|2",관세청_연도별_국가!$A:$A,0)),"") -> 0.35103872 | O25: =IFERROR(INDEX(관세청_연도별_국가!$H:$H,MATCH($B25&"|"&$C25&"|3",관세청_연도별_국가!$A:$A,0)),"") -> 일본 | P25: =IFERROR(INDEX(관세청_연도별_국가!$N:$N,MATCH($B25&"|"&$C25&"|3",관세청_연도별_국가!$A:$A,0)),"") -> 0.059976826 | Q25: =IF(K25="","",K25&" ("&TEXT(L25,"0.0%")&")")&IF(M25="","",", "&M25&" ("&TEXT(N25,"0.0%")&")")&IF(O25="","",", "&O25&" ("&TEXT(P25,"0.0%")&")") -> 미국 (50.8%), 중국 (35.1%), 일본 (6.0%) | R25: =IFERROR(INDEX(관세청_연도별_국가!$H:$H,MATCH($B25&"|"&$C25&"|W|1",관세청_연도별_국가!$AA:$AA,0)),"") -> 중국 | S25: =IFERROR(INDEX(관세청_연도별_국가!$O:$O,MATCH($B25&"|"&$C25&"|W|1",관세청_연도별_국가!$AA:$AA,0)),"") -> 0.68225209
A26: 갈륨 | B26: Ga | C26: 2022 | D26: =SUMIFS(관세청_연도별_국가!$J:$J,관세청_연도별_국가!$D:$D,$B26,관세청_연도별_국가!$E:$E,$C26)/1000 -> 4360.325 | E26: =SUMIFS(관세청_연도별_국가!$L:$L,관세청_연도별_국가!$D:$D,$B26,관세청_연도별_국가!$E:$E,$C26)/1000 -> 4.706 | F26: =IF(D25=0,"",D26/D25-1) -> 0.31504858 | G26: =IF(E25=0,"",E26/E25-1) -> -0.08318722 | H26: =SUMIFS(관세청_연도별_국가!$P:$P,관세청_연도별_국가!$D:$D,$B26,관세청_연도별_국가!$E:$E,$C26)/1000 -> 2198.284 | I26: =SUMIFS(관세청_연도별_국가!$R:$R,관세청_연도별_국가!$D:$D,$B26,관세청_연도별_국가!$E:$E,$C26)/1000 -> 5.434 | J26: =COUNTIFS(관세청_연도별_국가!$D:$D,$B26,관세청_연도별_국가!$E:$E,$C26,관세청_연도별_국가!$J:$J,">0") -> 11 | K26: =IFERROR(INDEX(관세청_연도별_국가!$H:$H,MATCH($B26&"|"&$C26&"|1",관세청_연도별_국가!$A:$A,0)),"") -> 미국 | L26: =IFERROR(INDEX(관세청_연도별_국가!$N:$N,MATCH($B26&"|"&$C26&"|1",관세청_연도별_국가!$A:$A,0)),"") -> 0.45863003 | M26: =IFERROR(INDEX(관세청_연도별_국가!$H:$H,MATCH($B26&"|"&$C26&"|2",관세청_연도별_국가!$A:$A,0)),"") -> 중국 | N26: =IFERROR(INDEX(관세청_연도별_국가!$N:$N,MATCH($B26&"|"&$C26&"|2",관세청_연도별_국가!$A:$A,0)),"") -> 0.39178502 | O26: =IFERROR(INDEX(관세청_연도별_국가!$H:$H,MATCH($B26&"|"&$C26&"|3",관세청_연도별_국가!$A:$A,0)),"") -> 스웨덴 | P26: =IFERROR(INDEX(관세청_연도별_국가!$N:$N,MATCH($B26&"|"&$C26&"|3",관세청_연도별_국가!$A:$A,0)),"") -> 0.10519331 | Q26: =IF(K26="","",K26&" ("&TEXT(L26,"0.0%")&")")&IF(M26="","",", "&M26&" ("&TEXT(N26,"0.0%")&")")&IF(O26="","",", "&O26&" ("&TEXT(P26,"0.0%")&")") -> 미국 (45.9%), 중국 (39.2%), 스웨덴 (10.5%) | R26: =IFERROR(INDEX(관세청_연도별_국가!$H:$H,MATCH($B26&"|"&$C26&"|W|1",관세청_연도별_국가!$AA:$AA,0)),"") -> 중국 | S26: =IFERROR(INDEX(관세청_연도별_국가!$O:$O,MATCH($B26&"|"&$C26&"|W|1",관세청_연도별_국가!$AA:$AA,0)),"") -> 0.74925627
A27: 갈륨 | B27: Ga | C27: 2023 | D27: =SUMIFS(관세청_연도별_국가!$J:$J,관세청_연도별_국가!$D:$D,$B27,관세청_연도별_국가!$E:$E,$C27)/1000 -> 2738.446 | E27: =SUMIFS(관세청_연도별_국가!$L:$L,관세청_연도별_국가!$D:$D,$B27,관세청_연도별_국가!$E:$E,$C27)/1000 -> 5.055 | F27: =IF(D26=0,"",D27/D26-1) -> -0.37196287 | G27: =IF(E26=0,"",E27/E26-1) -> 0.074160646 | H27: =SUMIFS(관세청_연도별_국가!$P:$P,관세청_연도별_국가!$D:$D,$B27,관세청_연도별_국가!$E:$E,$C27)/1000 -> 12493.737 | I27: =SUMIFS(관세청_연도별_국가!$R:$R,관세청_연도별_국가!$D:$D,$B27,관세청_연도별_국가!$E:$E,$C27)/1000 -> 3.693 | J27: =COUNTIFS(관세청_연도별_국가!$D:$D,$B27,관세청_연도별_국가!$E:$E,$C27,관세청_연도별_국가!$J:$J,">0") -> 12 | K27: =IFERROR(INDEX(관세청_연도별_국가!$H:$H,MATCH($B27&"|"&$C27&"|1",관세청_연도별_국가!$A:$A,0)),"") -> 중국 | L27: =IFERROR(INDEX(관세청_연도별_국가!$N:$N,MATCH($B27&"|"&$C27&"|1",관세청_연도별_국가!$A:$A,0)),"") -> 0.42998 | M27: =IFERROR(INDEX(관세청_연도별_국가!$H:$H,MATCH($B27&"|"&$C27&"|2",관세청_연도별_국가!$A:$A,0)),"") -> 미국 | N27: =IFERROR(INDEX(관세청_연도별_국가!$N:$N,MATCH($B27&"|"&$C27&"|2",관세청_연도별_국가!$A:$A,0)),"") -> 0.41976362 | O27: =IFERROR(INDEX(관세청_연도별_국가!$H:$H,MATCH($B27&"|"&$C27&"|3",관세청_연도별_국가!$A:$A,0)),"") -> 독일 | P27: =IFERROR(INDEX(관세청_연도별_국가!$N:$N,MATCH($B27&"|"&$C27&"|3",관세청_연도별_국가!$A:$A,0)),"") -> 0.05924528 | Q27: =IF(K27="","",K27&" ("&TEXT(L27,"0.0%")&")")&IF(M27="","",", "&M27&" ("&TEXT(N27,"0.0%")&")")&IF(O27="","",", "&O27&" ("&TEXT(P27,"0.0%")&")") -> 중국 (43.0%), 미국 (42.0%), 독일 (5.9%) | R27: =IFERROR(INDEX(관세청_연도별_국가!$H:$H,MATCH($B27&"|"&$C27&"|W|1",관세청_연도별_국가!$AA:$AA,0)),"") -> 중국 | S27: =IFERROR(INDEX(관세청_연도별_국가!$O:$O,MATCH($B27&"|"&$C27&"|W|1",관세청_연도별_국가!$AA:$AA,0)),"") -> 0.72739862
A28: 갈륨 | B28: Ga | C28: 2024 | D28: =SUMIFS(관세청_연도별_국가!$J:$J,관세청_연도별_국가!$D:$D,$B28,관세청_연도별_국가!$E:$E,$C28)/1000 -> 12416.224 | E28: =SUMIFS(관세청_연도별_국가!$L:$L,관세청_연도별_국가!$D:$D,$B28,관세청_연도별_국가!$E:$E,$C28)/1000 -> 27.727 | F28: =IF(D27=0,"",D28/D27-1) -> 3.5340401 | G28: =IF(E27=0,"",E28/E27-1) -> 4.4850643 | H28: =SUMIFS(관세청_연도별_국가!$P:$P,관세청_연도별_국가!$D:$D,$B28,관세청_연도별_국가!$E:$E,$C28)/1000 -> 9080.901 | I28: =SUMIFS(관세청_연도별_국가!$R:$R,관세청_연도별_국가!$D:$D,$B28,관세청_연도별_국가!$E:$E,$C28)/1000 -> 25.113 | J28: =COUNTIFS(관세청_연도별_국가!$D:$D,$B28,관세청_연도별_국가!$E:$E,$C28,관세청_연도별_국가!$J:$J,">0") -> 8 | K28: =IFERROR(INDEX(관세청_연도별_국가!$H:$H,MATCH($B28&"|"&$C28&"|1",관세청_연도별_국가!$A:$A,0)),"") -> 중국 | L28: =IFERROR(INDEX(관세청_연도별_국가!$N:$N,MATCH($B28&"|"&$C28&"|1",관세청_연도별_국가!$A:$A,0)),"") -> 0.73641084 | M28: =IFERROR(INDEX(관세청_연도별_국가!$H:$H,MATCH($B28&"|"&$C28&"|2",관세청_연도별_국가!$A:$A,0)),"") -> 일본 | N28: =IFERROR(INDEX(관세청_연도별_국가!$N:$N,MATCH($B28&"|"&$C28&"|2",관세청_연도별_국가!$A:$A,0)),"") -> 0.14451608 | O28: =IFERROR(INDEX(관세청_연도별_국가!$H:$H,MATCH($B28&"|"&$C28&"|3",관세청_연도별_국가!$A:$A,0)),"") -> 미국 | P28: =IFERROR(INDEX(관세청_연도별_국가!$N:$N,MATCH($B28&"|"&$C28&"|3",관세청_연도별_국가!$A:$A,0)),"") -> 0.11881744 | Q28: =IF(K28="","",K28&" ("&TEXT(L28,"0.0%")&")")&IF(M28="","",", "&M28&" ("&TEXT(N28,"0.0%")&")")&IF(O28="","",", "&O28&" ("&TEXT(P28,"0.0%")&")") -> 중국 (73.6%), 일본 (14.5%), 미국 (11.9%) | R28: =IFERROR(INDEX(관세청_연도별_국가!$H:$H,MATCH($B28&"|"&$C28&"|W|1",관세청_연도별_국가!$AA:$AA,0)),"") -> 중국 | S28: =IFERROR(INDEX(관세청_연도별_국가!$O:$O,MATCH($B28&"|"&$C28&"|W|1",관세청_연도별_국가!$AA:$AA,0)),"") -> 0.88368738
A29: 갈륨 | B29: Ga | C29: 2025 | D29: =SUMIFS(관세청_연도별_국가!$J:$J,관세청_연도별_국가!$D:$D,$B29,관세청_연도별_국가!$E:$E,$C29)/1000 -> 2488.838 | E29: =SUMIFS(관세청_연도별_국가!$L:$L,관세청_연도별_국가!$D:$D,$B29,관세청_연도별_국가!$E:$E,$C29)/1000 -> 3.444 | F29: =IF(D28=0,"",D29/D28-1) -> -0.79954952 | G29: =IF(E28=0,"",E29/E28-1) -> -0.87578894 | H29: =SUMIFS(관세청_연도별_국가!$P:$P,관세청_연도별_국가!$D:$D,$B29,관세청_연도별_국가!$E:$E,$C29)/1000 -> 3863.667 | I29: =SUMIFS(관세청_연도별_국가!$R:$R,관세청_연도별_국가!$D:$D,$B29,관세청_연도별_국가!$E:$E,$C29)/1000 -> 7.784 | J29: =COUNTIFS(관세청_연도별_국가!$D:$D,$B29,관세청_연도별_국가!$E:$E,$C29,관세청_연도별_국가!$J:$J,">0") -> 11 | K29: =IFERROR(INDEX(관세청_연도별_국가!$H:$H,MATCH($B29&"|"&$C29&"|1",관세청_연도별_국가!$A:$A,0)),"") -> 중국 | L29: =IFERROR(INDEX(관세청_연도별_국가!$N:$N,MATCH($B29&"|"&$C29&"|1",관세청_연도별_국가!$A:$A,0)),"") -> 0.2603243 | M29: =IFERROR(INDEX(관세청_연도별_국가!$H:$H,MATCH($B29&"|"&$C29&"|2",관세청_연도별_국가!$A:$A,0)),"") -> 독일 | N29: =IFERROR(INDEX(관세청_연도별_국가!$N:$N,MATCH($B29&"|"&$C29&"|2",관세청_연도별_국가!$A:$A,0)),"") -> 0.25915708 | O29: =IFERROR(INDEX(관세청_연도별_국가!$H:$H,MATCH($B29&"|"&$C29&"|3",관세청_연도별_국가!$A:$A,0)),"") -> 미국 | P29: =IFERROR(INDEX(관세청_연도별_국가!$N:$N,MATCH($B29&"|"&$C29&"|3",관세청_연도별_국가!$A:$A,0)),"") -> 0.24272974 | Q29: =IF(K29="","",K29&" ("&TEXT(L29,"0.0%")&")")&IF(M29="","",", "&M29&" ("&TEXT(N29,"0.0%")&")")&IF(O29="","",", "&O29&" ("&TEXT(P29,"0.0%")&")") -> 중국 (26.0%), 독일 (25.9%), 미국 (24.3%) | R29: =IFERROR(INDEX(관세청_연도별_국가!$H:$H,MATCH($B29&"|"&$C29&"|W|1",관세청_연도별_국가!$AA:$AA,0)),"") -> 중국 | S29: =IFERROR(INDEX(관세청_연도별_국가!$O:$O,MATCH($B29&"|"&$C29&"|W|1",관세청_연도별_국가!$AA:$AA,0)),"") -> 0.5
A30: 갈륨 | B30: Ga | C30: 2026 | D30: =SUMIFS(관세청_연도별_국가!$J:$J,관세청_연도별_국가!$D:$D,$B30,관세청_연도별_국가!$E:$E,$C30)/1000 -> 6994.332 | E30: =SUMIFS(관세청_연도별_국가!$L:$L,관세청_연도별_국가!$D:$D,$B30,관세청_연도별_국가!$E:$E,$C30)/1000 -> 4.825 | F30: =IF(D29=0,"",D30/D29-1) -> 1.8102801 | G30: =IF(E29=0,"",E30/E29-1) -> 0.40098722 | H30: =SUMIFS(관세청_연도별_국가!$P:$P,관세청_연도별_국가!$D:$D,$B30,관세청_연도별_국가!$E:$E,$C30)/1000 -> 5311.24 | I30: =SUMIFS(관세청_연도별_국가!$R:$R,관세청_연도별_국가!$D:$D,$B30,관세청_연도별_국가!$E:$E,$C30)/1000 -> 3.123 | J30: =COUNTIFS(관세청_연도별_국가!$D:$D,$B30,관세청_연도별_국가!$E:$E,$C30,관세청_연도별_국가!$J:$J,">0") -> 11 | K30: =IFERROR(INDEX(관세청_연도별_국가!$H:$H,MATCH($B30&"|"&$C30&"|1",관세청_연도별_국가!$A:$A,0)),"") -> 대만 | L30: =IFERROR(INDEX(관세청_연도별_국가!$N:$N,MATCH($B30&"|"&$C30&"|1",관세청_연도별_국가!$A:$A,0)),"") -> 0.34737999 | M30: =IFERROR(INDEX(관세청_연도별_국가!$H:$H,MATCH($B30&"|"&$C30&"|2",관세청_연도별_국가!$A:$A,0)),"") -> 독일 | N30: =IFERROR(INDEX(관세청_연도별_국가!$N:$N,MATCH($B30&"|"&$C30&"|2",관세청_연도별_국가!$A:$A,0)),"") -> 0.30122448 | O30: =IFERROR(INDEX(관세청_연도별_국가!$H:$H,MATCH($B30&"|"&$C30&"|3",관세청_연도별_국가!$A:$A,0)),"") -> 미국 | P30: =IFERROR(INDEX(관세청_연도별_국가!$N:$N,MATCH($B30&"|"&$C30&"|3",관세청_연도별_국가!$A:$A,0)),"") -> 0.14819314 | Q30: =IF(K30="","",K30&" ("&TEXT(L30,"0.0%")&")")&IF(M30="","",", "&M30&" ("&TEXT(N30,"0.0%")&")")&IF(O30="","",", "&O30&" ("&TEXT(P30,"0.0%")&")") -> 대만 (34.7%), 독일 (30.1%), 미국 (14.8%) | R30: =IFERROR(INDEX(관세청_연도별_국가!$H:$H,MATCH($B30&"|"&$C30&"|W|1",관세청_연도별_국가!$AA:$AA,0)),"") -> 중국 | S30: =IFERROR(INDEX(관세청_연도별_국가!$O:$O,MATCH($B30&"|"&$C30&"|W|1",관세청_연도별_국가!$AA:$AA,0)),"") -> 0.37699482 | T30: 2026년은 1~9월 누계
A31: 하프늄 | B31: Hf | C31: 2020 | D31: =SUMIFS(관세청_연도별_국가!$J:$J,관세청_연도별_국가!$D:$D,$B31,관세청_연도별_국가!$E:$E,$C31)/1000 -> 0 | E31: =SUMIFS(관세청_연도별_국가!$L:$L,관세청_연도별_국가!$D:$D,$B31,관세청_연도별_국가!$E:$E,$C31)/1000 -> 0 | H31: =SUMIFS(관세청_연도별_국가!$P:$P,관세청_연도별_국가!$D:$D,$B31,관세청_연도별_국가!$E:$E,$C31)/1000 -> 0 | I31: =SUMIFS(관세청_연도별_국가!$R:$R,관세청_연도별_국가!$D:$D,$B31,관세청_연도별_국가!$E:$E,$C31)/1000 -> 0 | J31: =COUNTIFS(관세청_연도별_국가!$D:$D,$B31,관세청_연도별_국가!$E:$E,$C31,관세청_연도별_국가!$J:$J,">0") -> 0 | K31: =IFERROR(INDEX(관세청_연도별_국가!$H:$H,MATCH($B31&"|"&$C31&"|1",관세청_연도별_국가!$A:$A,0)),"") | L31: =IFERROR(INDEX(관세청_연도별_국가!$N:$N,MATCH($B31&"|"&$C31&"|1",관세청_연도별_국가!$A:$A,0)),"") | M31: =IFERROR(INDEX(관세청_연도별_국가!$H:$H,MATCH($B31&"|"&$C31&"|2",관세청_연도별_국가!$A:$A,0)),"") | N31: =IFERROR(INDEX(관세청_연도별_국가!$N:$N,MATCH($B31&"|"&$C31&"|2",관세청_연도별_국가!$A:$A,0)),"") | O31: =IFERROR(INDEX(관세청_연도별_국가!$H:$H,MATCH($B31&"|"&$C31&"|3",관세청_연도별_국가!$A:$A,0)),"") | P31: =IFERROR(INDEX(관세청_연도별_국가!$N:$N,MATCH($B31&"|"&$C31&"|3",관세청_연도별_국가!$A:$A,0)),"") | Q31: =IF(K31="","",K31&" ("&TEXT(L31,"0.0%")&")")&IF(M31="","",", "&M31&" ("&TEXT(N31,"0.0%")&")")&IF(O31="","",", "&O31&" ("&TEXT(P31,"0.0%")&")") | R31: =IFERROR(INDEX(관세청_연도별_국가!$H:$H,MATCH($B31&"|"&$C31&"|W|1",관세청_연도별_국가!$AA:$AA,0)),"") | S31: =IFERROR(INDEX(관세청_연도별_국가!$O:$O,MATCH($B31&"|"&$C31&"|W|1",관세청_연도별_국가!$AA:$AA,0)),"")
A32: 하프늄 | B32: Hf | C32: 2021 | D32: =SUMIFS(관세청_연도별_국가!$J:$J,관세청_연도별_국가!$D:$D,$B32,관세청_연도별_국가!$E:$E,$C32)/1000 -> 0 | E32: =SUMIFS(관세청_연도별_국가!$L:$L,관세청_연도별_국가!$D:$D,$B32,관세청_연도별_국가!$E:$E,$C32)/1000 -> 0 | F32: =IF(D31=0,"",D32/D31-1) | G32: =IF(E31=0,"",E32/E31-1) | H32: =SUMIFS(관세청_연도별_국가!$P:$P,관세청_연도별_국가!$D:$D,$B32,관세청_연도별_국가!$E:$E,$C32)/1000 -> 0 | I32: =SUMIFS(관세청_연도별_국가!$R:$R,관세청_연도별_국가!$D:$D,$B32,관세청_연도별_국가!$E:$E,$C32)/1000 -> 0 | J32: =COUNTIFS(관세청_연도별_국가!$D:$D,$B32,관세청_연도별_국가!$E:$E,$C32,관세청_연도별_국가!$J:$J,">0") -> 0 | K32: =IFERROR(INDEX(관세청_연도별_국가!$H:$H,MATCH($B32&"|"&$C32&"|1",관세청_연도별_국가!$A:$A,0)),"") | L32: =IFERROR(INDEX(관세청_연도별_국가!$N:$N,MATCH($B32&"|"&$C32&"|1",관세청_연도별_국가!$A:$A,0)),"") | M32: =IFERROR(INDEX(관세청_연도별_국가!$H:$H,MATCH($B32&"|"&$C32&"|2",관세청_연도별_국가!$A:$A,0)),"") | N32: =IFERROR(INDEX(관세청_연도별_국가!$N:$N,MATCH($B32&"|"&$C32&"|2",관세청_연도별_국가!$A:$A,0)),"") | O32: =IFERROR(INDEX(관세청_연도별_국가!$H:$H,MATCH($B32&"|"&$C32&"|3",관세청_연도별_국가!$A:$A,0)),"") | P32: =IFERROR(INDEX(관세청_연도별_국가!$N:$N,MATCH($B32&"|"&$C32&"|3",관세청_연도별_국가!$A:$A,0)),"") | Q32: =IF(K32="","",K32&" ("&TEXT(L32,"0.0%")&")")&IF(M32="","",", "&M32&" ("&TEXT(N32,"0.0%")&")")&IF(O32="","",", "&O32&" ("&TEXT(P32,"0.0%")&")") | R32: =IFERROR(INDEX(관세청_연도별_국가!$H:$H,MATCH($B32&"|"&$C32&"|W|1",관세청_연도별_국가!$AA:$AA,0)),"") | S32: =IFERROR(INDEX(관세청_연도별_국가!$O:$O,MATCH($B32&"|"&$C32&"|W|1",관세청_연도별_국가!$AA:$AA,0)),"")
A33: 하프늄 | B33: Hf | C33: 2022 | D33: =SUMIFS(관세청_연도별_국가!$J:$J,관세청_연도별_국가!$D:$D,$B33,관세청_연도별_국가!$E:$E,$C33)/1000 -> 70.48 | E33: =SUMIFS(관세청_연도별_국가!$L:$L,관세청_연도별_국가!$D:$D,$B33,관세청_연도별_국가!$E:$E,$C33)/1000 -> 0.056 | F33: =IF(D32=0,"",D33/D32-1) | G33: =IF(E32=0,"",E33/E32-1) | H33: =SUMIFS(관세청_연도별_국가!$P:$P,관세청_연도별_국가!$D:$D,$B33,관세청_연도별_국가!$E:$E,$C33)/1000 -> 21.298 | I33: =SUMIFS(관세청_연도별_국가!$R:$R,관세청_연도별_국가!$D:$D,$B33,관세청_연도별_국가!$E:$E,$C33)/1000 -> 0.029 | J33: =COUNTIFS(관세청_연도별_국가!$D:$D,$B33,관세청_연도별_국가!$E:$E,$C33,관세청_연도별_국가!$J:$J,">0") -> 5 | K33: =IFERROR(INDEX(관세청_연도별_국가!$H:$H,MATCH($B33&"|"&$C33&"|1",관세청_연도별_국가!$A:$A,0)),"") -> 중국 | L33: =IFERROR(INDEX(관세청_연도별_국가!$N:$N,MATCH($B33&"|"&$C33&"|1",관세청_연도별_국가!$A:$A,0)),"") -> 0.69135925 | M33: =IFERROR(INDEX(관세청_연도별_국가!$H:$H,MATCH($B33&"|"&$C33&"|2",관세청_연도별_국가!$A:$A,0)),"") -> 미국 | N33: =IFERROR(INDEX(관세청_연도별_국가!$N:$N,MATCH($B33&"|"&$C33&"|2",관세청_연도별_국가!$A:$A,0)),"") -> 0.26992054 | O33: =IFERROR(INDEX(관세청_연도별_국가!$H:$H,MATCH($B33&"|"&$C33&"|3",관세청_연도별_국가!$A:$A,0)),"") -> 홍콩 | P33: =IFERROR(INDEX(관세청_연도별_국가!$N:$N,MATCH($B33&"|"&$C33&"|3",관세청_연도별_국가!$A:$A,0)),"") -> 0.020289444 | Q33: =IF(K33="","",K33&" ("&TEXT(L33,"0.0%")&")")&IF(M33="","",", "&M33&" ("&TEXT(N33,"0.0%")&")")&IF(O33="","",", "&O33&" ("&TEXT(P33,"0.0%")&")") -> 중국 (69.1%), 미국 (27.0%), 홍콩 (2.0%) | R33: =IFERROR(INDEX(관세청_연도별_국가!$H:$H,MATCH($B33&"|"&$C33&"|W|1",관세청_연도별_국가!$AA:$AA,0)),"") -> 중국 | S33: =IFERROR(INDEX(관세청_연도별_국가!$O:$O,MATCH($B33&"|"&$C33&"|W|1",관세청_연도별_국가!$AA:$AA,0)),"") -> 0.69642857
A34: 하프늄 | B34: Hf | C34: 2023 | D34: =SUMIFS(관세청_연도별_국가!$J:$J,관세청_연도별_국가!$D:$D,$B34,관세청_연도별_국가!$E:$E,$C34)/1000 -> 264.805 | E34: =SUMIFS(관세청_연도별_국가!$L:$L,관세청_연도별_국가!$D:$D,$B34,관세청_연도별_국가!$E:$E,$C34)/1000 -> 0.081 | F34: =IF(D33=0,"",D34/D33-1) -> 2.7571652 | G34: =IF(E33=0,"",E34/E33-1) -> 0.44642857 | H34: =SUMIFS(관세청_연도별_국가!$P:$P,관세청_연도별_국가!$D:$D,$B34,관세청_연도별_국가!$E:$E,$C34)/1000 -> 26.516 | I34: =SUMIFS(관세청_연도별_국가!$R:$R,관세청_연도별_국가!$D:$D,$B34,관세청_연도별_국가!$E:$E,$C34)/1000 -> 0.03 | J34: =COUNTIFS(관세청_연도별_국가!$D:$D,$B34,관세청_연도별_국가!$E:$E,$C34,관세청_연도별_국가!$J:$J,">0") -> 5 | K34: =IFERROR(INDEX(관세청_연도별_국가!$H:$H,MATCH($B34&"|"&$C34&"|1",관세청_연도별_국가!$A:$A,0)),"") -> 중국 | L34: =IFERROR(INDEX(관세청_연도별_국가!$N:$N,MATCH($B34&"|"&$C34&"|1",관세청_연도별_국가!$A:$A,0)),"") -> 0.79259077 | M34: =IFERROR(INDEX(관세청_연도별_국가!$H:$H,MATCH($B34&"|"&$C34&"|2",관세청_연도별_국가!$A:$A,0)),"") -> 대만 | N34: =IFERROR(INDEX(관세청_연도별_국가!$N:$N,MATCH($B34&"|"&$C34&"|2",관세청_연도별_국가!$A:$A,0)),"") -> 0.17371273 | O34: =IFERROR(INDEX(관세청_연도별_국가!$H:$H,MATCH($B34&"|"&$C34&"|3",관세청_연도별_국가!$A:$A,0)),"") -> 미국 | P34: =IFERROR(INDEX(관세청_연도별_국가!$N:$N,MATCH($B34&"|"&$C34&"|3",관세청_연도별_국가!$A:$A,0)),"") -> 0.026672457 | Q34: =IF(K34="","",K34&" ("&TEXT(L34,"0.0%")&")")&IF(M34="","",", "&M34&" ("&TEXT(N34,"0.0%")&")")&IF(O34="","",", "&O34&" ("&TEXT(P34,"0.0%")&")") -> 중국 (79.3%), 대만 (17.4%), 미국 (2.7%) | R34: =IFERROR(INDEX(관세청_연도별_국가!$H:$H,MATCH($B34&"|"&$C34&"|W|1",관세청_연도별_국가!$AA:$AA,0)),"") -> 중국 | S34: =IFERROR(INDEX(관세청_연도별_국가!$O:$O,MATCH($B34&"|"&$C34&"|W|1",관세청_연도별_국가!$AA:$AA,0)),"") -> 0.87654321
A35: 하프늄 | B35: Hf | C35: 2024 | D35: =SUMIFS(관세청_연도별_국가!$J:$J,관세청_연도별_국가!$D:$D,$B35,관세청_연도별_국가!$E:$E,$C35)/1000 -> 338.51 | E35: =SUMIFS(관세청_연도별_국가!$L:$L,관세청_연도별_국가!$D:$D,$B35,관세청_연도별_국가!$E:$E,$C35)/1000 -> 0.1 | F35: =IF(D34=0,"",D35/D34-1) -> 0.27833689 | G35: =IF(E34=0,"",E35/E34-1) -> 0.2345679 | H35: =SUMIFS(관세청_연도별_국가!$P:$P,관세청_연도별_국가!$D:$D,$B35,관세청_연도별_국가!$E:$E,$C35)/1000 -> 113.803 | I35: =SUMIFS(관세청_연도별_국가!$R:$R,관세청_연도별_국가!$D:$D,$B35,관세청_연도별_국가!$E:$E,$C35)/1000 -> 0.294 | J35: =COUNTIFS(관세청_연도별_국가!$D:$D,$B35,관세청_연도별_국가!$E:$E,$C35,관세청_연도별_국가!$J:$J,">0") -> 4 | K35: =IFERROR(INDEX(관세청_연도별_국가!$H:$H,MATCH($B35&"|"&$C35&"|1",관세청_연도별_국가!$A:$A,0)),"") -> 중국 | L35: =IFERROR(INDEX(관세청_연도별_국가!$N:$N,MATCH($B35&"|"&$C35&"|1",관세청_연도별_국가!$A:$A,0)),"") -> 0.79880949 | M35: =IFERROR(INDEX(관세청_연도별_국가!$H:$H,MATCH($B35&"|"&$C35&"|2",관세청_연도별_국가!$A:$A,0)),"") -> 대만 | N35: =IFERROR(INDEX(관세청_연도별_국가!$N:$N,MATCH($B35&"|"&$C35&"|2",관세청_연도별_국가!$A:$A,0)),"") -> 0.16250923 | O35: =IFERROR(INDEX(관세청_연도별_국가!$H:$H,MATCH($B35&"|"&$C35&"|3",관세청_연도별_국가!$A:$A,0)),"") -> 미국 | P35: =IFERROR(INDEX(관세청_연도별_국가!$N:$N,MATCH($B35&"|"&$C35&"|3",관세청_연도별_국가!$A:$A,0)),"") -> 0.033762666 | Q35: =IF(K35="","",K35&" ("&TEXT(L35,"0.0%")&")")&IF(M35="","",", "&M35&" ("&TEXT(N35,"0.0%")&")")&IF(O35="","",", "&O35&" ("&TEXT(P35,"0.0%")&")") -> 중국 (79.9%), 대만 (16.3%), 미국 (3.4%) | R35: =IFERROR(INDEX(관세청_연도별_국가!$H:$H,MATCH($B35&"|"&$C35&"|W|1",관세청_연도별_국가!$AA:$AA,0)),"") -> 중국 | S35: =IFERROR(INDEX(관세청_연도별_국가!$O:$O,MATCH($B35&"|"&$C35&"|W|1",관세청_연도별_국가!$AA:$AA,0)),"") -> 0.91
A36: 하프늄 | B36: Hf | C36: 2025 | D36: =SUMIFS(관세청_연도별_국가!$J:$J,관세청_연도별_국가!$D:$D,$B36,관세청_연도별_국가!$E:$E,$C36)/1000 -> 240.801 | E36: =SUMIFS(관세청_연도별_국가!$L:$L,관세청_연도별_국가!$D:$D,$B36,관세청_연도별_국가!$E:$E,$C36)/1000 -> 0.091 | F36: =IF(D35=0,"",D36/D35-1) -> -0.28864435 | G36: =IF(E35=0,"",E36/E35-1) -> -0.09 | H36: =SUMIFS(관세청_연도별_국가!$P:$P,관세청_연도별_국가!$D:$D,$B36,관세청_연도별_국가!$E:$E,$C36)/1000 -> 175.979 | I36: =SUMIFS(관세청_연도별_국가!$R:$R,관세청_연도별_국가!$D:$D,$B36,관세청_연도별_국가!$E:$E,$C36)/1000 -> 0.132 | J36: =COUNTIFS(관세청_연도별_국가!$D:$D,$B36,관세청_연도별_국가!$E:$E,$C36,관세청_연도별_국가!$J:$J,">0") -> 2 | K36: =IFERROR(INDEX(관세청_연도별_국가!$H:$H,MATCH($B36&"|"&$C36&"|1",관세청_연도별_국가!$A:$A,0)),"") -> 중국 | L36: =IFERROR(INDEX(관세청_연도별_국가!$N:$N,MATCH($B36&"|"&$C36&"|1",관세청_연도별_국가!$A:$A,0)),"") -> 0.96936475 | M36: =IFERROR(INDEX(관세청_연도별_국가!$H:$H,MATCH($B36&"|"&$C36&"|2",관세청_연도별_국가!$A:$A,0)),"") -> 미국 | N36: =IFERROR(INDEX(관세청_연도별_국가!$N:$N,MATCH($B36&"|"&$C36&"|2",관세청_연도별_국가!$A:$A,0)),"") -> 0.030635255 | O36: =IFERROR(INDEX(관세청_연도별_국가!$H:$H,MATCH($B36&"|"&$C36&"|3",관세청_연도별_국가!$A:$A,0)),"") -> 독일 | P36: =IFERROR(INDEX(관세청_연도별_국가!$N:$N,MATCH($B36&"|"&$C36&"|3",관세청_연도별_국가!$A:$A,0)),"") -> 0 | Q36: =IF(K36="","",K36&" ("&TEXT(L36,"0.0%")&")")&IF(M36="","",", "&M36&" ("&TEXT(N36,"0.0%")&")")&IF(O36="","",", "&O36&" ("&TEXT(P36,"0.0%")&")") -> 중국 (96.9%), 미국 (3.1%), 독일 (0.0%) | R36: =IFERROR(INDEX(관세청_연도별_국가!$H:$H,MATCH($B36&"|"&$C36&"|W|1",관세청_연도별_국가!$AA:$AA,0)),"") -> 중국 | S36: =IFERROR(INDEX(관세청_연도별_국가!$O:$O,MATCH($B36&"|"&$C36&"|W|1",관세청_연도별_국가!$AA:$AA,0)),"") -> 1
A37: 하프늄 | B37: Hf | C37: 2026 | D37: =SUMIFS(관세청_연도별_국가!$J:$J,관세청_연도별_국가!$D:$D,$B37,관세청_연도별_국가!$E:$E,$C37)/1000 -> 1535.634 | E37: =SUMIFS(관세청_연도별_국가!$L:$L,관세청_연도별_국가!$D:$D,$B37,관세청_연도별_국가!$E:$E,$C37)/1000 -> 0.586 | F37: =IF(D36=0,"",D37/D36-1) -> 5.3771911 | G37: =IF(E36=0,"",E37/E36-1) -> 5.4395604 | H37: =SUMIFS(관세청_연도별_국가!$P:$P,관세청_연도별_국가!$D:$D,$B37,관세청_연도별_국가!$E:$E,$C37)/1000 -> 154.003 | I37: =SUMIFS(관세청_연도별_국가!$R:$R,관세청_연도별_국가!$D:$D,$B37,관세청_연도별_국가!$E:$E,$C37)/1000 -> 0.14 | J37: =COUNTIFS(관세청_연도별_국가!$D:$D,$B37,관세청_연도별_국가!$E:$E,$C37,관세청_연도별_국가!$J:$J,">0") -> 6 | K37: =IFERROR(INDEX(관세청_연도별_국가!$H:$H,MATCH($B37&"|"&$C37&"|1",관세청_연도별_국가!$A:$A,0)),"") -> 중국 | L37: =IFERROR(INDEX(관세청_연도별_국가!$N:$N,MATCH($B37&"|"&$C37&"|1",관세청_연도별_국가!$A:$A,0)),"") -> 0.94975235 | M37: =IFERROR(INDEX(관세청_연도별_국가!$H:$H,MATCH($B37&"|"&$C37&"|2",관세청_연도별_국가!$A:$A,0)),"") -> 프랑스 | N37: =IFERROR(INDEX(관세청_연도별_국가!$N:$N,MATCH($B37&"|"&$C37&"|2",관세청_연도별_국가!$A:$A,0)),"") -> 0.040680917 | O37: =IFERROR(INDEX(관세청_연도별_국가!$H:$H,MATCH($B37&"|"&$C37&"|3",관세청_연도별_국가!$A:$A,0)),"") -> 미국 | P37: =IFERROR(INDEX(관세청_연도별_국가!$N:$N,MATCH($B37&"|"&$C37&"|3",관세청_연도별_국가!$A:$A,0)),"") -> 0.0071931202 | Q37: =IF(K37="","",K37&" ("&TEXT(L37,"0.0%")&")")&IF(M37="","",", "&M37&" ("&TEXT(N37,"0.0%")&")")&IF(O37="","",", "&O37&" ("&TEXT(P37,"0.0%")&")") -> 중국 (95.0%), 프랑스 (4.1%), 미국 (0.7%) | R37: =IFERROR(INDEX(관세청_연도별_국가!$H:$H,MATCH($B37&"|"&$C37&"|W|1",관세청_연도별_국가!$AA:$AA,0)),"") -> 중국 | S37: =IFERROR(INDEX(관세청_연도별_국가!$O:$O,MATCH($B37&"|"&$C37&"|W|1",관세청_연도별_국가!$AA:$AA,0)),"") -> 0.9556314 | T37: 2026년은 1~9월 누계
A38: 레늄 | B38: Re | C38: 2020 | D38: =SUMIFS(관세청_연도별_국가!$J:$J,관세청_연도별_국가!$D:$D,$B38,관세청_연도별_국가!$E:$E,$C38)/1000 -> 0 | E38: =SUMIFS(관세청_연도별_국가!$L:$L,관세청_연도별_국가!$D:$D,$B38,관세청_연도별_국가!$E:$E,$C38)/1000 -> 0 | H38: =SUMIFS(관세청_연도별_국가!$P:$P,관세청_연도별_국가!$D:$D,$B38,관세청_연도별_국가!$E:$E,$C38)/1000 -> 0 | I38: =SUMIFS(관세청_연도별_국가!$R:$R,관세청_연도별_국가!$D:$D,$B38,관세청_연도별_국가!$E:$E,$C38)/1000 -> 0 | J38: =COUNTIFS(관세청_연도별_국가!$D:$D,$B38,관세청_연도별_국가!$E:$E,$C38,관세청_연도별_국가!$J:$J,">0") -> 0 | K38: =IFERROR(INDEX(관세청_연도별_국가!$H:$H,MATCH($B38&"|"&$C38&"|1",관세청_연도별_국가!$A:$A,0)),"") | L38: =IFERROR(INDEX(관세청_연도별_국가!$N:$N,MATCH($B38&"|"&$C38&"|1",관세청_연도별_국가!$A:$A,0)),"") | M38: =IFERROR(INDEX(관세청_연도별_국가!$H:$H,MATCH($B38&"|"&$C38&"|2",관세청_연도별_국가!$A:$A,0)),"") | N38: =IFERROR(INDEX(관세청_연도별_국가!$N:$N,MATCH($B38&"|"&$C38&"|2",관세청_연도별_국가!$A:$A,0)),"") | O38: =IFERROR(INDEX(관세청_연도별_국가!$H:$H,MATCH($B38&"|"&$C38&"|3",관세청_연도별_국가!$A:$A,0)),"") | P38: =IFERROR(INDEX(관세청_연도별_국가!$N:$N,MATCH($B38&"|"&$C38&"|3",관세청_연도별_국가!$A:$A,0)),"") | Q38: =IF(K38="","",K38&" ("&TEXT(L38,"0.0%")&")")&IF(M38="","",", "&M38&" ("&TEXT(N38,"0.0%")&")")&IF(O38="","",", "&O38&" ("&TEXT(P38,"0.0%")&")") | R38: =IFERROR(INDEX(관세청_연도별_국가!$H:$H,MATCH($B38&"|"&$C38&"|W|1",관세청_연도별_국가!$AA:$AA,0)),"") | S38: =IFERROR(INDEX(관세청_연도별_국가!$O:$O,MATCH($B38&"|"&$C38&"|W|1",관세청_연도별_국가!$AA:$AA,0)),"")
A39: 레늄 | B39: Re | C39: 2021 | D39: =SUMIFS(관세청_연도별_국가!$J:$J,관세청_연도별_국가!$D:$D,$B39,관세청_연도별_국가!$E:$E,$C39)/1000 -> 0 | E39: =SUMIFS(관세청_연도별_국가!$L:$L,관세청_연도별_국가!$D:$D,$B39,관세청_연도별_국가!$E:$E,$C39)/1000 -> 0 | F39: =IF(D38=0,"",D39/D38-1) | G39: =IF(E38=0,"",E39/E38-1) | H39: =SUMIFS(관세청_연도별_국가!$P:$P,관세청_연도별_국가!$D:$D,$B39,관세청_연도별_국가!$E:$E,$C39)/1000 -> 0 | I39: =SUMIFS(관세청_연도별_국가!$R:$R,관세청_연도별_국가!$D:$D,$B39,관세청_연도별_국가!$E:$E,$C39)/1000 -> 0 | J39: =COUNTIFS(관세청_연도별_국가!$D:$D,$B39,관세청_연도별_국가!$E:$E,$C39,관세청_연도별_국가!$J:$J,">0") -> 0 | K39: =IFERROR(INDEX(관세청_연도별_국가!$H:$H,MATCH($B39&"|"&$C39&"|1",관세청_연도별_국가!$A:$A,0)),"") | L39: =IFERROR(INDEX(관세청_연도별_국가!$N:$N,MATCH($B39&"|"&$C39&"|1",관세청_연도별_국가!$A:$A,0)),"") | M39: =IFERROR(INDEX(관세청_연도별_국가!$H:$H,MATCH($B39&"|"&$C39&"|2",관세청_연도별_국가!$A:$A,0)),"") | N39: =IFERROR(INDEX(관세청_연도별_국가!$N:$N,MATCH($B39&"|"&$C39&"|2",관세청_연도별_국가!$A:$A,0)),"") | O39: =IFERROR(INDEX(관세청_연도별_국가!$H:$H,MATCH($B39&"|"&$C39&"|3",관세청_연도별_국가!$A:$A,0)),"") | P39: =IFERROR(INDEX(관세청_연도별_국가!$N:$N,MATCH($B39&"|"&$C39&"|3",관세청_연도별_국가!$A:$A,0)),"") | Q39: =IF(K39="","",K39&" ("&TEXT(L39,"0.0%")&")")&IF(M39="","",", "&M39&" ("&TEXT(N39,"0.0%")&")")&IF(O39="","",", "&O39&" ("&TEXT(P39,"0.0%")&")") | R39: =IFERROR(INDEX(관세청_연도별_국가!$H:$H,MATCH($B39&"|"&$C39&"|W|1",관세청_연도별_국가!$AA:$AA,0)),"") | S39: =IFERROR(INDEX(관세청_연도별_국가!$O:$O,MATCH($B39&"|"&$C39&"|W|1",관세청_연도별_국가!$AA:$AA,0)),"")
A40: 레늄 | B40: Re | C40: 2022 | D40: =SUMIFS(관세청_연도별_국가!$J:$J,관세청_연도별_국가!$D:$D,$B40,관세청_연도별_국가!$E:$E,$C40)/1000 -> 153.908 | E40: =SUMIFS(관세청_연도별_국가!$L:$L,관세청_연도별_국가!$D:$D,$B40,관세청_연도별_국가!$E:$E,$C40)/1000 -> 0.131 | F40: =IF(D39=0,"",D40/D39-1) | G40: =IF(E39=0,"",E40/E39-1) | H40: =SUMIFS(관세청_연도별_국가!$P:$P,관세청_연도별_국가!$D:$D,$B40,관세청_연도별_국가!$E:$E,$C40)/1000 -> 0.828 | I40: =SUMIFS(관세청_연도별_국가!$R:$R,관세청_연도별_국가!$D:$D,$B40,관세청_연도별_국가!$E:$E,$C40)/1000 -> 0 | J40: =COUNTIFS(관세청_연도별_국가!$D:$D,$B40,관세청_연도별_국가!$E:$E,$C40,관세청_연도별_국가!$J:$J,">0") -> 5 | K40: =IFERROR(INDEX(관세청_연도별_국가!$H:$H,MATCH($B40&"|"&$C40&"|1",관세청_연도별_국가!$A:$A,0)),"") -> 독일 | L40: =IFERROR(INDEX(관세청_연도별_국가!$N:$N,MATCH($B40&"|"&$C40&"|1",관세청_연도별_국가!$A:$A,0)),"") -> 0.70587624 | M40: =IFERROR(INDEX(관세청_연도별_국가!$H:$H,MATCH($B40&"|"&$C40&"|2",관세청_연도별_국가!$A:$A,0)),"") -> 일본 | N40: =IFERROR(INDEX(관세청_연도별_국가!$N:$N,MATCH($B40&"|"&$C40&"|2",관세청_연도별_국가!$A:$A,0)),"") -> 0.18078333 | O40: =IFERROR(INDEX(관세청_연도별_국가!$H:$H,MATCH($B40&"|"&$C40&"|3",관세청_연도별_국가!$A:$A,0)),"") -> 중국 | P40: =IFERROR(INDEX(관세청_연도별_국가!$N:$N,MATCH($B40&"|"&$C40&"|3",관세청_연도별_국가!$A:$A,0)),"") -> 0.079631988 | Q40: =IF(K40="","",K40&" ("&TEXT(L40,"0.0%")&")")&IF(M40="","",", "&M40&" ("&TEXT(N40,"0.0%")&")")&IF(O40="","",", "&O40&" ("&TEXT(P40,"0.0%")&")") -> 독일 (70.6%), 일본 (18.1%), 중국 (8.0%) | R40: =IFERROR(INDEX(관세청_연도별_국가!$H:$H,MATCH($B40&"|"&$C40&"|W|1",관세청_연도별_국가!$AA:$AA,0)),"") -> 독일 | S40: =IFERROR(INDEX(관세청_연도별_국가!$O:$O,MATCH($B40&"|"&$C40&"|W|1",관세청_연도별_국가!$AA:$AA,0)),"") -> 0.93129771
A41: 레늄 | B41: Re | C41: 2023 | D41: =SUMIFS(관세청_연도별_국가!$J:$J,관세청_연도별_국가!$D:$D,$B41,관세청_연도별_국가!$E:$E,$C41)/1000 -> 310.793 | E41: =SUMIFS(관세청_연도별_국가!$L:$L,관세청_연도별_국가!$D:$D,$B41,관세청_연도별_국가!$E:$E,$C41)/1000 -> 0.217 | F41: =IF(D40=0,"",D41/D40-1) -> 1.0193427 | G41: =IF(E40=0,"",E41/E40-1) -> 0.65648855 | H41: =SUMIFS(관세청_연도별_국가!$P:$P,관세청_연도별_국가!$D:$D,$B41,관세청_연도별_국가!$E:$E,$C41)/1000 -> 0.17 | I41: =SUMIFS(관세청_연도별_국가!$R:$R,관세청_연도별_국가!$D:$D,$B41,관세청_연도별_국가!$E:$E,$C41)/1000 -> 0 | J41: =COUNTIFS(관세청_연도별_국가!$D:$D,$B41,관세청_연도별_국가!$E:$E,$C41,관세청_연도별_국가!$J:$J,">0") -> 5 | K41: =IFERROR(INDEX(관세청_연도별_국가!$H:$H,MATCH($B41&"|"&$C41&"|1",관세청_연도별_국가!$A:$A,0)),"") -> 칠레 | L41: =IFERROR(INDEX(관세청_연도별_국가!$N:$N,MATCH($B41&"|"&$C41&"|1",관세청_연도별_국가!$A:$A,0)),"") -> 0.71352958 | M41: =IFERROR(INDEX(관세청_연도별_국가!$H:$H,MATCH($B41&"|"&$C41&"|2",관세청_연도별_국가!$A:$A,0)),"") -> 독일 | N41: =IFERROR(INDEX(관세청_연도별_국가!$N:$N,MATCH($B41&"|"&$C41&"|2",관세청_연도별_국가!$A:$A,0)),"") -> 0.16972712 | O41: =IFERROR(INDEX(관세청_연도별_국가!$H:$H,MATCH($B41&"|"&$C41&"|3",관세청_연도별_국가!$A:$A,0)),"") -> 중국 | P41: =IFERROR(INDEX(관세청_연도별_국가!$N:$N,MATCH($B41&"|"&$C41&"|3",관세청_연도별_국가!$A:$A,0)),"") -> 0.090513622 | Q41: =IF(K41="","",K41&" ("&TEXT(L41,"0.0%")&")")&IF(M41="","",", "&M41&" ("&TEXT(N41,"0.0%")&")")&IF(O41="","",", "&O41&" ("&TEXT(P41,"0.0%")&")") -> 칠레 (71.4%), 독일 (17.0%), 중국 (9.1%) | R41: =IFERROR(INDEX(관세청_연도별_국가!$H:$H,MATCH($B41&"|"&$C41&"|W|1",관세청_연도별_국가!$AA:$AA,0)),"") -> 칠레 | S41: =IFERROR(INDEX(관세청_연도별_국가!$O:$O,MATCH($B41&"|"&$C41&"|W|1",관세청_연도별_국가!$AA:$AA,0)),"") -> 0.7235023
A42: 레늄 | B42: Re | C42: 2024 | D42: =SUMIFS(관세청_연도별_국가!$J:$J,관세청_연도별_국가!$D:$D,$B42,관세청_연도별_국가!$E:$E,$C42)/1000 -> 590.829 | E42: =SUMIFS(관세청_연도별_국가!$L:$L,관세청_연도별_국가!$D:$D,$B42,관세청_연도별_국가!$E:$E,$C42)/1000 -> 0.317 | F42: =IF(D41=0,"",D42/D41-1) -> 0.90103702 | G42: =IF(E41=0,"",E42/E41-1) -> 0.46082949 | H42: =SUMIFS(관세청_연도별_국가!$P:$P,관세청_연도별_국가!$D:$D,$B42,관세청_연도별_국가!$E:$E,$C42)/1000 -> 15.835 | I42: =SUMIFS(관세청_연도별_국가!$R:$R,관세청_연도별_국가!$D:$D,$B42,관세청_연도별_국가!$E:$E,$C42)/1000 -> 0.016 | J42: =COUNTIFS(관세청_연도별_국가!$D:$D,$B42,관세청_연도별_국가!$E:$E,$C42,관세청_연도별_국가!$J:$J,">0") -> 6 | K42: =IFERROR(INDEX(관세청_연도별_국가!$H:$H,MATCH($B42&"|"&$C42&"|1",관세청_연도별_국가!$A:$A,0)),"") -> 칠레 | L42: =IFERROR(INDEX(관세청_연도별_국가!$N:$N,MATCH($B42&"|"&$C42&"|1",관세청_연도별_국가!$A:$A,0)),"") -> 0.4916211 | M42: =IFERROR(INDEX(관세청_연도별_국가!$H:$H,MATCH($B42&"|"&$C42&"|2",관세청_연도별_국가!$A:$A,0)),"") -> 일본 | N42: =IFERROR(INDEX(관세청_연도별_국가!$N:$N,MATCH($B42&"|"&$C42&"|2",관세청_연도별_국가!$A:$A,0)),"") -> 0.2219864 | O42: =IFERROR(INDEX(관세청_연도별_국가!$H:$H,MATCH($B42&"|"&$C42&"|3",관세청_연도별_국가!$A:$A,0)),"") -> 미국 | P42: =IFERROR(INDEX(관세청_연도별_국가!$N:$N,MATCH($B42&"|"&$C42&"|3",관세청_연도별_국가!$A:$A,0)),"") -> 0.16055576 | Q42: =IF(K42="","",K42&" ("&TEXT(L42,"0.0%")&")")&IF(M42="","",", "&M42&" ("&TEXT(N42,"0.0%")&")")&IF(O42="","",", "&O42&" ("&TEXT(P42,"0.0%")&")") -> 칠레 (49.2%), 일본 (22.2%), 미국 (16.1%) | R42: =IFERROR(INDEX(관세청_연도별_국가!$H:$H,MATCH($B42&"|"&$C42&"|W|1",관세청_연도별_국가!$AA:$AA,0)),"") -> 칠레 | S42: =IFERROR(INDEX(관세청_연도별_국가!$O:$O,MATCH($B42&"|"&$C42&"|W|1",관세청_연도별_국가!$AA:$AA,0)),"") -> 0.64353312
A43: 레늄 | B43: Re | C43: 2025 | D43: =SUMIFS(관세청_연도별_국가!$J:$J,관세청_연도별_국가!$D:$D,$B43,관세청_연도별_국가!$E:$E,$C43)/1000 -> 1117.734 | E43: =SUMIFS(관세청_연도별_국가!$L:$L,관세청_연도별_국가!$D:$D,$B43,관세청_연도별_국가!$E:$E,$C43)/1000 -> 0.445 | F43: =IF(D42=0,"",D43/D42-1) -> 0.89180626 | G43: =IF(E42=0,"",E43/E42-1) -> 0.40378549 | H43: =SUMIFS(관세청_연도별_국가!$P:$P,관세청_연도별_국가!$D:$D,$B43,관세청_연도별_국가!$E:$E,$C43)/1000 -> 9.758 | I43: =SUMIFS(관세청_연도별_국가!$R:$R,관세청_연도별_국가!$D:$D,$B43,관세청_연도별_국가!$E:$E,$C43)/1000 -> 0.048 | J43: =COUNTIFS(관세청_연도별_국가!$D:$D,$B43,관세청_연도별_국가!$E:$E,$C43,관세청_연도별_국가!$J:$J,">0") -> 4 | K43: =IFERROR(INDEX(관세청_연도별_국가!$H:$H,MATCH($B43&"|"&$C43&"|1",관세청_연도별_국가!$A:$A,0)),"") -> 칠레 | L43: =IFERROR(INDEX(관세청_연도별_국가!$N:$N,MATCH($B43&"|"&$C43&"|1",관세청_연도별_국가!$A:$A,0)),"") -> 0.41976445 | M43: =IFERROR(INDEX(관세청_연도별_국가!$H:$H,MATCH($B43&"|"&$C43&"|2",관세청_연도별_국가!$A:$A,0)),"") -> 미국 | N43: =IFERROR(INDEX(관세청_연도별_국가!$N:$N,MATCH($B43&"|"&$C43&"|2",관세청_연도별_국가!$A:$A,0)),"") -> 0.29547191 | O43: =IFERROR(INDEX(관세청_연도별_국가!$H:$H,MATCH($B43&"|"&$C43&"|3",관세청_연도별_국가!$A:$A,0)),"") -> 중국 | P43: =IFERROR(INDEX(관세청_연도별_국가!$N:$N,MATCH($B43&"|"&$C43&"|3",관세청_연도별_국가!$A:$A,0)),"") -> 0.2750055 | Q43: =IF(K43="","",K43&" ("&TEXT(L43,"0.0%")&")")&IF(M43="","",", "&M43&" ("&TEXT(N43,"0.0%")&")")&IF(O43="","",", "&O43&" ("&TEXT(P43,"0.0%")&")") -> 칠레 (42.0%), 미국 (29.5%), 중국 (27.5%) | R43: =IFERROR(INDEX(관세청_연도별_국가!$H:$H,MATCH($B43&"|"&$C43&"|W|1",관세청_연도별_국가!$AA:$AA,0)),"") -> 칠레 | S43: =IFERROR(INDEX(관세청_연도별_국가!$O:$O,MATCH($B43&"|"&$C43&"|W|1",관세청_연도별_국가!$AA:$AA,0)),"") -> 0.56404494
A44: 레늄 | B44: Re | C44: 2026 | D44: =SUMIFS(관세청_연도별_국가!$J:$J,관세청_연도별_국가!$D:$D,$B44,관세청_연도별_국가!$E:$E,$C44)/1000 -> 2051.802 | E44: =SUMIFS(관세청_연도별_국가!$L:$L,관세청_연도별_국가!$D:$D,$B44,관세청_연도별_국가!$E:$E,$C44)/1000 -> 0.483 | F44: =IF(D43=0,"",D44/D43-1) -> 0.83568005 | G44: =IF(E43=0,"",E44/E43-1) -> 0.085393258 | H44: =SUMIFS(관세청_연도별_국가!$P:$P,관세청_연도별_국가!$D:$D,$B44,관세청_연도별_국가!$E:$E,$C44)/1000 -> 3.173 | I44: =SUMIFS(관세청_연도별_국가!$R:$R,관세청_연도별_국가!$D:$D,$B44,관세청_연도별_국가!$E:$E,$C44)/1000 -> 0.002 | J44: =COUNTIFS(관세청_연도별_국가!$D:$D,$B44,관세청_연도별_국가!$E:$E,$C44,관세청_연도별_국가!$J:$J,">0") -> 5 | K44: =IFERROR(INDEX(관세청_연도별_국가!$H:$H,MATCH($B44&"|"&$C44&"|1",관세청_연도별_국가!$A:$A,0)),"") -> 칠레 | L44: =IFERROR(INDEX(관세청_연도별_국가!$N:$N,MATCH($B44&"|"&$C44&"|1",관세청_연도별_국가!$A:$A,0)),"") -> 0.79251653 | M44: =IFERROR(INDEX(관세청_연도별_국가!$H:$H,MATCH($B44&"|"&$C44&"|2",관세청_연도별_국가!$A:$A,0)),"") -> 미국 | N44: =IFERROR(INDEX(관세청_연도별_국가!$N:$N,MATCH($B44&"|"&$C44&"|2",관세청_연도별_국가!$A:$A,0)),"") -> 0.13980491 | O44: =IFERROR(INDEX(관세청_연도별_국가!$H:$H,MATCH($B44&"|"&$C44&"|3",관세청_연도별_국가!$A:$A,0)),"") -> 중국 | P44: =IFERROR(INDEX(관세청_연도별_국가!$N:$N,MATCH($B44&"|"&$C44&"|3",관세청_연도별_국가!$A:$A,0)),"") -> 0.065762193 | Q44: =IF(K44="","",K44&" ("&TEXT(L44,"0.0%")&")")&IF(M44="","",", "&M44&" ("&TEXT(N44,"0.0%")&")")&IF(O44="","",", "&O44&" ("&TEXT(P44,"0.0%")&")") -> 칠레 (79.3%), 미국 (14.0%), 중국 (6.6%) | R44: =IFERROR(INDEX(관세청_연도별_국가!$H:$H,MATCH($B44&"|"&$C44&"|W|1",관세청_연도별_국가!$AA:$AA,0)),"") -> 칠레 | S44: =IFERROR(INDEX(관세청_연도별_국가!$O:$O,MATCH($B44&"|"&$C44&"|W|1",관세청_연도별_국가!$AA:$AA,0)),"") -> 0.86128364 | T44: 2026년은 1~9월 누계

Sheet 요약_매트릭스
A1: 관세청 기준 광종별 연도별 수입 현황 (수식: '요약' 시트 참조). 2026년은 1~9월 누계.
A3: 수입금액(천USD)
A4: 광종 | B4: 원소 | C4: 2020 | D4: 2021 | E4: 2022 | F4: 2023 | G4: 2024 | H4: 2025 | I4: 2026
A5: 탄탈륨 | B5: Ta | C5: =SUMIFS(요약!$D:$D,요약!$B:$B,$B5,요약!$C:$C,C$4) -> 72834.26 | D5: =SUMIFS(요약!$D:$D,요약!$B:$B,$B5,요약!$C:$C,D$4) -> 91177.537 | E5: =SUMIFS(요약!$D:$D,요약!$B:$B,$B5,요약!$C:$C,E$4) -> 111814.01 | F5: =SUMIFS(요약!$D:$D,요약!$B:$B,$B5,요약!$C:$C,F$4) -> 104043.04 | G5: =SUMIFS(요약!$D:$D,요약!$B:$B,$B5,요약!$C:$C,G$4) -> 134452.2 | H5: =SUMIFS(요약!$D:$D,요약!$B:$B,$B5,요약!$C:$C,H$4) -> 118438.01 | I5: =SUMIFS(요약!$D:$D,요약!$B:$B,$B5,요약!$C:$C,I$4) -> 64529.864
A6: 니오븀 | B6: Nb | C6: =SUMIFS(요약!$D:$D,요약!$B:$B,$B6,요약!$C:$C,C$4) -> 153511.49 | D6: =SUMIFS(요약!$D:$D,요약!$B:$B,$B6,요약!$C:$C,D$4) -> 200215.97 | E6: =SUMIFS(요약!$D:$D,요약!$B:$B,$B6,요약!$C:$C,E$4) -> 195498.99 | F6: =SUMIFS(요약!$D:$D,요약!$B:$B,$B6,요약!$C:$C,F$4) -> 219660.56 | G6: =SUMIFS(요약!$D:$D,요약!$B:$B,$B6,요약!$C:$C,G$4) -> 231361.61 | H6: =SUMIFS(요약!$D:$D,요약!$B:$B,$B6,요약!$C:$C,H$4) -> 230011.5 | I6: =SUMIFS(요약!$D:$D,요약!$B:$B,$B6,요약!$C:$C,I$4) -> 186125.33
A7: 인듐 | B7: In | C7: =SUMIFS(요약!$D:$D,요약!$B:$B,$B7,요약!$C:$C,C$4) -> 15381.706 | D7: =SUMIFS(요약!$D:$D,요약!$B:$B,$B7,요약!$C:$C,D$4) -> 66987.588 | E7: =SUMIFS(요약!$D:$D,요약!$B:$B,$B7,요약!$C:$C,E$4) -> 74533.61 | F7: =SUMIFS(요약!$D:$D,요약!$B:$B,$B7,요약!$C:$C,F$4) -> 74382.846 | G7: =SUMIFS(요약!$D:$D,요약!$B:$B,$B7,요약!$C:$C,G$4) -> 94341.571 | H7: =SUMIFS(요약!$D:$D,요약!$B:$B,$B7,요약!$C:$C,H$4) -> 86537.323 | I7: =SUMIFS(요약!$D:$D,요약!$B:$B,$B7,요약!$C:$C,I$4) -> 75042.293
A8: 갈륨 | B8: Ga | C8: =SUMIFS(요약!$D:$D,요약!$B:$B,$B8,요약!$C:$C,C$4) -> 4833.837 | D8: =SUMIFS(요약!$D:$D,요약!$B:$B,$B8,요약!$C:$C,D$4) -> 3315.714 | E8: =SUMIFS(요약!$D:$D,요약!$B:$B,$B8,요약!$C:$C,E$4) -> 4360.325 | F8: =SUMIFS(요약!$D:$D,요약!$B:$B,$B8,요약!$C:$C,F$4) -> 2738.446 | G8: =SUMIFS(요약!$D:$D,요약!$B:$B,$B8,요약!$C:$C,G$4) -> 12416.224 | H8: =SUMIFS(요약!$D:$D,요약!$B:$B,$B8,요약!$C:$C,H$4) -> 2488.838 | I8: =SUMIFS(요약!$D:$D,요약!$B:$B,$B8,요약!$C:$C,I$4) -> 6994.332
A9: 하프늄 | B9: Hf | C9: =SUMIFS(요약!$D:$D,요약!$B:$B,$B9,요약!$C:$C,C$4) -> 0 | D9: =SUMIFS(요약!$D:$D,요약!$B:$B,$B9,요약!$C:$C,D$4) -> 0 | E9: =SUMIFS(요약!$D:$D,요약!$B:$B,$B9,요약!$C:$C,E$4) -> 70.48 | F9: =SUMIFS(요약!$D:$D,요약!$B:$B,$B9,요약!$C:$C,F$4) -> 264.805 | G9: =SUMIFS(요약!$D:$D,요약!$B:$B,$B9,요약!$C:$C,G$4) -> 338.51 | H9: =SUMIFS(요약!$D:$D,요약!$B:$B,$B9,요약!$C:$C,H$4) -> 240.801 | I9: =SUMIFS(요약!$D:$D,요약!$B:$B,$B9,요약!$C:$C,I$4) -> 1535.634
A10: 레늄 | B10: Re | C10: =SUMIFS(요약!$D:$D,요약!$B:$B,$B10,요약!$C:$C,C$4) -> 0 | D10: =SUMIFS(요약!$D:$D,요약!$B:$B,$B10,요약!$C:$C,D$4) -> 0 | E10: =SUMIFS(요약!$D:$D,요약!$B:$B,$B10,요약!$C:$C,E$4) -> 153.908 | F10: =SUMIFS(요약!$D:$D,요약!$B:$B,$B10,요약!$C:$C,F$4) -> 310.793 | G10: =SUMIFS(요약!$D:$D,요약!$B:$B,$B10,요약!$C:$C,G$4) -> 590.829 | H10: =SUMIFS(요약!$D:$D,요약!$B:$B,$B10,요약!$C:$C,H$4) -> 1117.734 | I10: =SUMIFS(요약!$D:$D,요약!$B:$B,$B10,요약!$C:$C,I$4) -> 2051.802
A12: 수입중량(톤)
A13: 광종 | B13: 원소 | C13: 2020 | D13: 2021 | E13: 2022 | F13: 2023 | G13: 2024 | H13: 2025 | I13: 2026
A14: 탄탈륨 | B14: Ta | C14: =SUMIFS(요약!$E:$E,요약!$B:$B,$B14,요약!$C:$C,C$13) -> 132.417 | D14: =SUMIFS(요약!$E:$E,요약!$B:$B,$B14,요약!$C:$C,D$13) -> 167.12 | E14: =SUMIFS(요약!$E:$E,요약!$B:$B,$B14,요약!$C:$C,E$13) -> 208.65 | F14: =SUMIFS(요약!$E:$E,요약!$B:$B,$B14,요약!$C:$C,F$13) -> 191.866 | G14: =SUMIFS(요약!$E:$E,요약!$B:$B,$B14,요약!$C:$C,G$13) -> 290.241 | H14: =SUMIFS(요약!$E:$E,요약!$B:$B,$B14,요약!$C:$C,H$13) -> 270.143 | I14: =SUMIFS(요약!$E:$E,요약!$B:$B,$B14,요약!$C:$C,I$13) -> 81.128
A15: 니오븀 | B15: Nb | C15: =SUMIFS(요약!$E:$E,요약!$B:$B,$B15,요약!$C:$C,C$13) -> 6262.966 | D15: =SUMIFS(요약!$E:$E,요약!$B:$B,$B15,요약!$C:$C,D$13) -> 7939.319 | E15: =SUMIFS(요약!$E:$E,요약!$B:$B,$B15,요약!$C:$C,E$13) -> 6940.047 | F15: =SUMIFS(요약!$E:$E,요약!$B:$B,$B15,요약!$C:$C,F$13) -> 7537.003 | G15: =SUMIFS(요약!$E:$E,요약!$B:$B,$B15,요약!$C:$C,G$13) -> 7881.64 | H15: =SUMIFS(요약!$E:$E,요약!$B:$B,$B15,요약!$C:$C,H$13) -> 7748.315 | I15: =SUMIFS(요약!$E:$E,요약!$B:$B,$B15,요약!$C:$C,I$13) -> 6184.071
A16: 인듐 | B16: In | C16: =SUMIFS(요약!$E:$E,요약!$B:$B,$B16,요약!$C:$C,C$13) -> 111.785 | D16: =SUMIFS(요약!$E:$E,요약!$B:$B,$B16,요약!$C:$C,D$13) -> 368.162 | E16: =SUMIFS(요약!$E:$E,요약!$B:$B,$B16,요약!$C:$C,E$13) -> 386.763 | F16: =SUMIFS(요약!$E:$E,요약!$B:$B,$B16,요약!$C:$C,F$13) -> 386.831 | G16: =SUMIFS(요약!$E:$E,요약!$B:$B,$B16,요약!$C:$C,G$13) -> 382.153 | H16: =SUMIFS(요약!$E:$E,요약!$B:$B,$B16,요약!$C:$C,H$13) -> 277.705 | I16: =SUMIFS(요약!$E:$E,요약!$B:$B,$B16,요약!$C:$C,I$13) -> 144.863
A17: 갈륨 | B17: Ga | C17: =SUMIFS(요약!$E:$E,요약!$B:$B,$B17,요약!$C:$C,C$13) -> 32.647 | D17: =SUMIFS(요약!$E:$E,요약!$B:$B,$B17,요약!$C:$C,D$13) -> 5.133 | E17: =SUMIFS(요약!$E:$E,요약!$B:$B,$B17,요약!$C:$C,E$13) -> 4.706 | F17: =SUMIFS(요약!$E:$E,요약!$B:$B,$B17,요약!$C:$C,F$13) -> 5.055 | G17: =SUMIFS(요약!$E:$E,요약!$B:$B,$B17,요약!$C:$C,G$13) -> 27.727 | H17: =SUMIFS(요약!$E:$E,요약!$B:$B,$B17,요약!$C:$C,H$13) -> 3.444 | I17: =SUMIFS(요약!$E:$E,요약!$B:$B,$B17,요약!$C:$C,I$13) -> 4.825
A18: 하프늄 | B18: Hf | C18: =SUMIFS(요약!$E:$E,요약!$B:$B,$B18,요약!$C:$C,C$13) -> 0 | D18: =SUMIFS(요약!$E:$E,요약!$B:$B,$B18,요약!$C:$C,D$13) -> 0 | E18: =SUMIFS(요약!$E:$E,요약!$B:$B,$B18,요약!$C:$C,E$13) -> 0.056 | F18: =SUMIFS(요약!$E:$E,요약!$B:$B,$B18,요약!$C:$C,F$13) -> 0.081 | G18: =SUMIFS(요약!$E:$E,요약!$B:$B,$B18,요약!$C:$C,G$13) -> 0.1 | H18: =SUMIFS(요약!$E:$E,요약!$B:$B,$B18,요약!$C:$C,H$13) -> 0.091 | I18: =SUMIFS(요약!$E:$E,요약!$B:$B,$B18,요약!$C:$C,I$13) -> 0.586
A19: 레늄 | B19: Re | C19: =SUMIFS(요약!$E:$E,요약!$B:$B,$B19,요약!$C:$C,C$13) -> 0 | D19: =SUMIFS(요약!$E:$E,요약!$B:$B,$B19,요약!$C:$C,D$13) -> 0 | E19: =SUMIFS(요약!$E:$E,요약!$B:$B,$B19,요약!$C:$C,E$13) -> 0.131 | F19: =SUMIFS(요약!$E:$E,요약!$B:$B,$B19,요약!$C:$C,F$13) -> 0.217 | G19: =SUMIFS(요약!$E:$E,요약!$B:$B,$B19,요약!$C:$C,G$13) -> 0.317 | H19: =SUMIFS(요약!$E:$E,요약!$B:$B,$B19,요약!$C:$C,H$13) -> 0.445 | I19: =SUMIFS(요약!$E:$E,요약!$B:$B,$B19,요약!$C:$C,I$13) -> 0.483
A21: 수출금액(천USD)
A22: 광종 | B22: 원소 | C22: 2020 | D22: 2021 | E22: 2022 | F22: 2023 | G22: 2024 | H22: 2025 | I22: 2026
A23: 탄탈륨 | B23: Ta | C23: =SUMIFS(요약!$H:$H,요약!$B:$B,$B23,요약!$C:$C,C$22) -> 17941.594 | D23: =SUMIFS(요약!$H:$H,요약!$B:$B,$B23,요약!$C:$C,D$22) -> 25954.646 | E23: =SUMIFS(요약!$H:$H,요약!$B:$B,$B23,요약!$C:$C,E$22) -> 29675.121 | F23: =SUMIFS(요약!$H:$H,요약!$B:$B,$B23,요약!$C:$C,F$22) -> 23636.832 | G23: =SUMIFS(요약!$H:$H,요약!$B:$B,$B23,요약!$C:$C,G$22) -> 38618.293 | H23: =SUMIFS(요약!$H:$H,요약!$B:$B,$B23,요약!$C:$C,H$22) -> 27876.494 | I23: =SUMIFS(요약!$H:$H,요약!$B:$B,$B23,요약!$C:$C,I$22) -> 29318.588
A24: 니오븀 | B24: Nb | C24: =SUMIFS(요약!$H:$H,요약!$B:$B,$B24,요약!$C:$C,C$22) -> 2359.506 | D24: =SUMIFS(요약!$H:$H,요약!$B:$B,$B24,요약!$C:$C,D$22) -> 4616.073 | E24: =SUMIFS(요약!$H:$H,요약!$B:$B,$B24,요약!$C:$C,E$22) -> 1331.273 | F24: =SUMIFS(요약!$H:$H,요약!$B:$B,$B24,요약!$C:$C,F$22) -> 1838.871 | G24: =SUMIFS(요약!$H:$H,요약!$B:$B,$B24,요약!$C:$C,G$22) -> 5665.607 | H24: =SUMIFS(요약!$H:$H,요약!$B:$B,$B24,요약!$C:$C,H$22) -> 5480.645 | I24: =SUMIFS(요약!$H:$H,요약!$B:$B,$B24,요약!$C:$C,I$22) -> 4536.441
A25: 인듐 | B25: In | C25: =SUMIFS(요약!$H:$H,요약!$B:$B,$B25,요약!$C:$C,C$22) -> 28405.961 | D25: =SUMIFS(요약!$H:$H,요약!$B:$B,$B25,요약!$C:$C,D$22) -> 33317.538 | E25: =SUMIFS(요약!$H:$H,요약!$B:$B,$B25,요약!$C:$C,E$22) -> 31739.134 | F25: =SUMIFS(요약!$H:$H,요약!$B:$B,$B25,요약!$C:$C,F$22) -> 31463.445 | G25: =SUMIFS(요약!$H:$H,요약!$B:$B,$B25,요약!$C:$C,G$22) -> 42679.295 | H25: =SUMIFS(요약!$H:$H,요약!$B:$B,$B25,요약!$C:$C,H$22) -> 54278.9 | I25: =SUMIFS(요약!$H:$H,요약!$B:$B,$B25,요약!$C:$C,I$22) -> 62001.404
A26: 갈륨 | B26: Ga | C26: =SUMIFS(요약!$H:$H,요약!$B:$B,$B26,요약!$C:$C,C$22) -> 1213.232 | D26: =SUMIFS(요약!$H:$H,요약!$B:$B,$B26,요약!$C:$C,D$22) -> 1896.093 | E26: =SUMIFS(요약!$H:$H,요약!$B:$B,$B26,요약!$C:$C,E$22) -> 2198.284 | F26: =SUMIFS(요약!$H:$H,요약!$B:$B,$B26,요약!$C:$C,F$22) -> 12493.737 | G26: =SUMIFS(요약!$H:$H,요약!$B:$B,$B26,요약!$C:$C,G$22) -> 9080.901 | H26: =SUMIFS(요약!$H:$H,요약!$B:$B,$B26,요약!$C:$C,H$22) -> 3863.667 | I26: =SUMIFS(요약!$H:$H,요약!$B:$B,$B26,요약!$C:$C,I$22) -> 5311.24
A27: 하프늄 | B27: Hf | C27: =SUMIFS(요약!$H:$H,요약!$B:$B,$B27,요약!$C:$C,C$22) -> 0 | D27: =SUMIFS(요약!$H:$H,요약!$B:$B,$B27,요약!$C:$C,D$22) -> 0 | E27: =SUMIFS(요약!$H:$H,요약!$B:$B,$B27,요약!$C:$C,E$22) -> 21.298 | F27: =SUMIFS(요약!$H:$H,요약!$B:$B,$B27,요약!$C:$C,F$22) -> 26.516 | G27: =SUMIFS(요약!$H:$H,요약!$B:$B,$B27,요약!$C:$C,G$22) -> 113.803 | H27: =SUMIFS(요약!$H:$H,요약!$B:$B,$B27,요약!$C:$C,H$22) -> 175.979 | I27: =SUMIFS(요약!$H:$H,요약!$B:$B,$B27,요약!$C:$C,I$22) -> 154.003
A28: 레늄 | B28: Re | C28: =SUMIFS(요약!$H:$H,요약!$B:$B,$B28,요약!$C:$C,C$22) -> 0 | D28: =SUMIFS(요약!$H:$H,요약!$B:$B,$B28,요약!$C:$C,D$22) -> 0 | E28: =SUMIFS(요약!$H:$H,요약!$B:$B,$B28,요약!$C:$C,E$22) -> 0.828 | F28: =SUMIFS(요약!$H:$H,요약!$B:$B,$B28,요약!$C:$C,F$22) -> 0.17 | G28: =SUMIFS(요약!$H:$H,요약!$B:$B,$B28,요약!$C:$C,G$22) -> 15.835 | H28: =SUMIFS(요약!$H:$H,요약!$B:$B,$B28,요약!$C:$C,H$22) -> 9.758 | I28: =SUMIFS(요약!$H:$H,요약!$B:$B,$B28,요약!$C:$C,I$22) -> 3.173
A30: 수출중량(톤)
A31: 광종 | B31: 원소 | C31: 2020 | D31: 2021 | E31: 2022 | F31: 2023 | G31: 2024 | H31: 2025 | I31: 2026
A32: 탄탈륨 | B32: Ta | C32: =SUMIFS(요약!$I:$I,요약!$B:$B,$B32,요약!$C:$C,C$31) -> 153.442 | D32: =SUMIFS(요약!$I:$I,요약!$B:$B,$B32,요약!$C:$C,D$31) -> 198.003 | E32: =SUMIFS(요약!$I:$I,요약!$B:$B,$B32,요약!$C:$C,E$31) -> 154.406 | F32: =SUMIFS(요약!$I:$I,요약!$B:$B,$B32,요약!$C:$C,F$31) -> 176.646 | G32: =SUMIFS(요약!$I:$I,요약!$B:$B,$B32,요약!$C:$C,G$31) -> 230.705 | H32: =SUMIFS(요약!$I:$I,요약!$B:$B,$B32,요약!$C:$C,H$31) -> 225.946 | I32: =SUMIFS(요약!$I:$I,요약!$B:$B,$B32,요약!$C:$C,I$31) -> 223.594
A33: 니오븀 | B33: Nb | C33: =SUMIFS(요약!$I:$I,요약!$B:$B,$B33,요약!$C:$C,C$31) -> 74.781 | D33: =SUMIFS(요약!$I:$I,요약!$B:$B,$B33,요약!$C:$C,D$31) -> 162.993 | E33: =SUMIFS(요약!$I:$I,요약!$B:$B,$B33,요약!$C:$C,E$31) -> 46.029 | F33: =SUMIFS(요약!$I:$I,요약!$B:$B,$B33,요약!$C:$C,F$31) -> 40.373 | G33: =SUMIFS(요약!$I:$I,요약!$B:$B,$B33,요약!$C:$C,G$31) -> 92.255 | H33: =SUMIFS(요약!$I:$I,요약!$B:$B,$B33,요약!$C:$C,H$31) -> 162.681 | I33: =SUMIFS(요약!$I:$I,요약!$B:$B,$B33,요약!$C:$C,I$31) -> 121.176
A34: 인듐 | B34: In | C34: =SUMIFS(요약!$I:$I,요약!$B:$B,$B34,요약!$C:$C,C$31) -> 190.901 | D34: =SUMIFS(요약!$I:$I,요약!$B:$B,$B34,요약!$C:$C,D$31) -> 176.033 | E34: =SUMIFS(요약!$I:$I,요약!$B:$B,$B34,요약!$C:$C,E$31) -> 142.449 | F34: =SUMIFS(요약!$I:$I,요약!$B:$B,$B34,요약!$C:$C,F$31) -> 152.869 | G34: =SUMIFS(요약!$I:$I,요약!$B:$B,$B34,요약!$C:$C,G$31) -> 149.018 | H34: =SUMIFS(요약!$I:$I,요약!$B:$B,$B34,요약!$C:$C,H$31) -> 157.767 | I34: =SUMIFS(요약!$I:$I,요약!$B:$B,$B34,요약!$C:$C,I$31) -> 103.367
A35: 갈륨 | B35: Ga | C35: =SUMIFS(요약!$I:$I,요약!$B:$B,$B35,요약!$C:$C,C$31) -> 7.022 | D35: =SUMIFS(요약!$I:$I,요약!$B:$B,$B35,요약!$C:$C,D$31) -> 6.721 | E35: =SUMIFS(요약!$I:$I,요약!$B:$B,$B35,요약!$C:$C,E$31) -> 5.434 | F35: =SUMIFS(요약!$I:$I,요약!$B:$B,$B35,요약!$C:$C,F$31) -> 3.693 | G35: =SUMIFS(요약!$I:$I,요약!$B:$B,$B35,요약!$C:$C,G$31) -> 25.113 | H35: =SUMIFS(요약!$I:$I,요약!$B:$B,$B35,요약!$C:$C,H$31) -> 7.784 | I35: =SUMIFS(요약!$I:$I,요약!$B:$B,$B35,요약!$C:$C,I$31) -> 3.123
A36: 하프늄 | B36: Hf | C36: =SUMIFS(요약!$I:$I,요약!$B:$B,$B36,요약!$C:$C,C$31) -> 0 | D36: =SUMIFS(요약!$I:$I,요약!$B:$B,$B36,요약!$C:$C,D$31) -> 0 | E36: =SUMIFS(요약!$I:$I,요약!$B:$B,$B36,요약!$C:$C,E$31) -> 0.029 | F36: =SUMIFS(요약!$I:$I,요약!$B:$B,$B36,요약!$C:$C,F$31) -> 0.03 | G36: =SUMIFS(요약!$I:$I,요약!$B:$B,$B36,요약!$C:$C,G$31) -> 0.294 | H36: =SUMIFS(요약!$I:$I,요약!$B:$B,$B36,요약!$C:$C,H$31) -> 0.132 | I36: =SUMIFS(요약!$I:$I,요약!$B:$B,$B36,요약!$C:$C,I$31) -> 0.14
A37: 레늄 | B37: Re | C37: =SUMIFS(요약!$I:$I,요약!$B:$B,$B37,요약!$C:$C,C$31) -> 0 | D37: =SUMIFS(요약!$I:$I,요약!$B:$B,$B37,요약!$C:$C,D$31) -> 0 | E37: =SUMIFS(요약!$I:$I,요약!$B:$B,$B37,요약!$C:$C,E$31) -> 0 | F37: =SUMIFS(요약!$I:$I,요약!$B:$B,$B37,요약!$C:$C,F$31) -> 0 | G37: =SUMIFS(요약!$I:$I,요약!$B:$B,$B37,요약!$C:$C,G$31) -> 0.016 | H37: =SUMIFS(요약!$I:$I,요약!$B:$B,$B37,요약!$C:$C,H$31) -> 0.048 | I37: =SUMIFS(요약!$I:$I,요약!$B:$B,$B37,요약!$C:$C,I$31) -> 0.002
A39: 수입금액 전년비(%) (2026년은 1~9월 누계 대비이므로 참고용)
A40: 광종 | B40: 원소 | C40: 2020 | D40: 2021 | E40: 2022 | F40: 2023 | G40: 2024 | H40: 2025 | I40: 2026
A41: 탄탈륨 | B41: Ta | D41: =IF(C5=0,"",D5/C5-1) -> 0.25184957 | E41: =IF(D5=0,"",E5/D5-1) -> 0.2263329 | F41: =IF(E5=0,"",F5/E5-1) -> -0.069499133 | G41: =IF(F5=0,"",G5/F5-1) -> 0.29227487 | H41: =IF(G5=0,"",H5/G5-1) -> -0.11910691 | I41: =IF(H5=0,"",I5/H5-1) -> -0.45515919
A42: 니오븀 | B42: Nb | D42: =IF(C6=0,"",D6/C6-1) -> 0.30424089 | E42: =IF(D6=0,"",E6/D6-1) -> -0.023559465 | F42: =IF(E6=0,"",F6/E6-1) -> 0.12358924 | G42: =IF(F6=0,"",G6/F6-1) -> 0.053268803 | H42: =IF(G6=0,"",H6/G6-1) -> -0.0058355143 | I42: =IF(H6=0,"",I6/H6-1) -> -0.19079989
A43: 인듐 | B43: In | D43: =IF(C7=0,"",D7/C7-1) -> 3.3550168 | E43: =IF(D7=0,"",E7/D7-1) -> 0.11264806 | F43: =IF(E7=0,"",F7/E7-1) -> -0.0020227653 | G43: =IF(F7=0,"",G7/F7-1) -> 0.2683243 | H43: =IF(G7=0,"",H7/G7-1) -> -0.08272332 | I43: =IF(H7=0,"",I7/H7-1) -> -0.13283321
A44: 갈륨 | B44: Ga | D44: =IF(C8=0,"",D8/C8-1) -> -0.31406169 | E44: =IF(D8=0,"",E8/D8-1) -> 0.31504858 | F44: =IF(E8=0,"",F8/E8-1) -> -0.37196287 | G44: =IF(F8=0,"",G8/F8-1) -> 3.5340401 | H44: =IF(G8=0,"",H8/G8-1) -> -0.79954952 | I44: =IF(H8=0,"",I8/H8-1) -> 1.8102801
A45: 하프늄 | B45: Hf | D45: =IF(C9=0,"",D9/C9-1) | E45: =IF(D9=0,"",E9/D9-1) | F45: =IF(E9=0,"",F9/E9-1) -> 2.7571652 | G45: =IF(F9=0,"",G9/F9-1) -> 0.27833689 | H45: =IF(G9=0,"",H9/G9-1) -> -0.28864435 | I45: =IF(H9=0,"",I9/H9-1) -> 5.3771911
A46: 레늄 | B46: Re | D46: =IF(C10=0,"",D10/C10-1) | E46: =IF(D10=0,"",E10/D10-1) | F46: =IF(E10=0,"",F10/E10-1) -> 1.0193427 | G46: =IF(F10=0,"",G10/F10-1) -> 0.90103702 | H46: =IF(G10=0,"",H10/G10-1) -> 0.89180626 | I46: =IF(H10=0,"",I10/H10-1) -> 0.83568005
A48: 수입중량 전년비(%) (2026년은 1~9월 누계 대비이므로 참고용)
A49: 광종 | B49: 원소 | C49: 2020 | D49: 2021 | E49: 2022 | F49: 2023 | G49: 2024 | H49: 2025 | I49: 2026
A50: 탄탈륨 | B50: Ta | D50: =IF(C14=0,"",D14/C14-1) -> 0.2620736 | E50: =IF(D14=0,"",E14/D14-1) -> 0.24850407 | F50: =IF(E14=0,"",F14/E14-1) -> -0.08044093 | G50: =IF(F14=0,"",G14/F14-1) -> 0.51272763 | H50: =IF(G14=0,"",H14/G14-1) -> -0.069245903 | I50: =IF(H14=0,"",I14/H14-1) -> -0.69968498
A51: 니오븀 | B51: Nb | D51: =IF(C15=0,"",D15/C15-1) -> 0.2676612 | E51: =IF(D15=0,"",E15/D15-1) -> -0.12586369 | F51: =IF(E15=0,"",F15/E15-1) -> 0.086016132 | G51: =IF(F15=0,"",G15/F15-1) -> 0.045726 | H51: =IF(G15=0,"",H15/G15-1) -> -0.016915896 | I51: =IF(H15=0,"",I15/H15-1) -> -0.20188183
A52: 인듐 | B52: In | D52: =IF(C16=0,"",D16/C16-1) -> 2.293483 | E52: =IF(D16=0,"",E16/D16-1) -> 0.050523954 | F52: =IF(E16=0,"",F16/E16-1) -> 0.00017581827 | G52: =IF(F16=0,"",G16/F16-1) -> -0.012093136 | H52: =IF(G16=0,"",H16/G16-1) -> -0.27331461 | I52: =IF(H16=0,"",I16/H16-1) -> -0.47835653
A53: 갈륨 | B53: Ga | D53: =IF(C17=0,"",D17/C17-1) -> -0.84277269 | E53: =IF(D17=0,"",E17/D17-1) -> -0.08318722 | F53: =IF(E17=0,"",F17/E17-1) -> 0.074160646 | G53: =IF(F17=0,"",G17/F17-1) -> 4.4850643 | H53: =IF(G17=0,"",H17/G17-1) -> -0.87578894 | I53: =IF(H17=0,"",I17/H17-1) -> 0.40098722
A54: 하프늄 | B54: Hf | D54: =IF(C18=0,"",D18/C18-1) | E54: =IF(D18=0,"",E18/D18-1) | F54: =IF(E18=0,"",F18/E18-1) -> 0.44642857 | G54: =IF(F18=0,"",G18/F18-1) -> 0.2345679 | H54: =IF(G18=0,"",H18/G18-1) -> -0.09 | I54: =IF(H18=0,"",I18/H18-1) -> 5.4395604
A55: 레늄 | B55: Re | D55: =IF(C19=0,"",D19/C19-1) | E55: =IF(D19=0,"",E19/D19-1) | F55: =IF(E19=0,"",F19/E19-1) -> 0.65648855 | G55: =IF(F19=0,"",G19/F19-1) -> 0.46082949 | H55: =IF(G19=0,"",H19/G19-1) -> 0.40378549 | I55: =IF(H19=0,"",I19/H19-1) -> 0.085393258

Sheet 관세청_연도별_총계(API)
A1: 출처: KOMIS 대한민국 광물지도 '수입규모 추이' 차트 API(getLineChartDataKorea). '요약' 시트 SUMIFS 결과와 교차검증용. 2026년은 1~9월 누계.
A2: 광종코드 | B2: 광종 | C2: 원소 | D2: 연도 | E2: 총수입금액(USD) | F2: 총수입금액(천USD) | G2: 총수입중량(kg) | H2: 총수입중량(톤) | I2: 총수출금액(USD) | J2: 총수출금액(천USD) | K2: 총수출중량(kg) | L2: 총수출중량(톤)
A3: MNRL0026 | B3: 탄탈륨 | C3: Ta | D3: 2020 | E3: 72834260 | F3: =E3/1000 -> 72834.26 | G3: 132417 | H3: =G3/1000 -> 132.417 | I3: 17941594 | J3: =I3/1000 -> 17941.594 | K3: 153442 | L3: =K3/1000 -> 153.442
A4: MNRL0026 | B4: 탄탈륨 | C4: Ta | D4: 2021 | E4: 91177537 | F4: =E4/1000 -> 91177.537 | G4: 167120 | H4: =G4/1000 -> 167.12 | I4: 25954646 | J4: =I4/1000 -> 25954.646 | K4: 198003 | L4: =K4/1000 -> 198.003
A5: MNRL0026 | B5: 탄탈륨 | C5: Ta | D5: 2022 | E5: 111814013 | F5: =E5/1000 -> 111814.01 | G5: 208650 | H5: =G5/1000 -> 208.65 | I5: 29675121 | J5: =I5/1000 -> 29675.121 | K5: 154406 | L5: =K5/1000 -> 154.406
A6: MNRL0026 | B6: 탄탈륨 | C6: Ta | D6: 2023 | E6: 104043036 | F6: =E6/1000 -> 104043.04 | G6: 191866 | H6: =G6/1000 -> 191.866 | I6: 23636832 | J6: =I6/1000 -> 23636.832 | K6: 176646 | L6: =K6/1000 -> 176.646
A7: MNRL0026 | B7: 탄탈륨 | C7: Ta | D7: 2024 | E7: 134452201 | F7: =E7/1000 -> 134452.2 | G7: 290241 | H7: =G7/1000 -> 290.241 | I7: 38618293 | J7: =I7/1000 -> 38618.293 | K7: 230705 | L7: =K7/1000 -> 230.705
A8: MNRL0026 | B8: 탄탈륨 | C8: Ta | D8: 2025 | E8: 118438015 | F8: =E8/1000 -> 118438.01 | G8: 270143 | H8: =G8/1000 -> 270.143 | I8: 27876494 | J8: =I8/1000 -> 27876.494 | K8: 225946 | L8: =K8/1000 -> 225.946
A9: MNRL0026 | B9: 탄탈륨 | C9: Ta | D9: 2026 | E9: 64529864 | F9: =E9/1000 -> 64529.864 | G9: 81128 | H9: =G9/1000 -> 81.128 | I9: 29318588 | J9: =I9/1000 -> 29318.588 | K9: 223594 | L9: =K9/1000 -> 223.594
A10: MNRL0007 | B10: 니오븀 | C10: Nb | D10: 2020 | E10: 153511494 | F10: =E10/1000 -> 153511.49 | G10: 6262966 | H10: =G10/1000 -> 6262.966 | I10: 2359506 | J10: =I10/1000 -> 2359.506 | K10: 74781 | L10: =K10/1000 -> 74.781
A11: MNRL0007 | B11: 니오븀 | C11: Nb | D11: 2021 | E11: 200215967 | F11: =E11/1000 -> 200215.97 | G11: 7939319 | H11: =G11/1000 -> 7939.319 | I11: 4616073 | J11: =I11/1000 -> 4616.073 | K11: 162993 | L11: =K11/1000 -> 162.993
A12: MNRL0007 | B12: 니오븀 | C12: Nb | D12: 2022 | E12: 195498986 | F12: =E12/1000 -> 195498.99 | G12: 6940047 | H12: =G12/1000 -> 6940.047 | I12: 1331273 | J12: =I12/1000 -> 1331.273 | K12: 46029 | L12: =K12/1000 -> 46.029
A13: MNRL0007 | B13: 니오븀 | C13: Nb | D13: 2023 | E13: 219660558 | F13: =E13/1000 -> 219660.56 | G13: 7537003 | H13: =G13/1000 -> 7537.003 | I13: 1838871 | J13: =I13/1000 -> 1838.871 | K13: 40373 | L13: =K13/1000 -> 40.373
A14: MNRL0007 | B14: 니오븀 | C14: Nb | D14: 2024 | E14: 231361613 | F14: =E14/1000 -> 231361.61 | G14: 7881640 | H14: =G14/1000 -> 7881.64 | I14: 5665607 | J14: =I14/1000 -> 5665.607 | K14: 92255 | L14: =K14/1000 -> 92.255
... A40: MNRL0042 | B40: 레늄 | C40: Re | D40: 2026 | E40: 2051802 | F40: =E40/1000 -> 2051.802 | G40: 483 | H40: =G40/1000 -> 0.483 | I40: 3173 | J40: =I40/1000 -> 3.173 | K40: 2 | L40: =K40/1000 -> 0.002

Sheet 관세청_HS코드별_국가
A1: 출처: KOMIS 대한민국 광물지도, HS코드(관세청 10자리)별 국가별 수출입. 비중은 해당 HS코드 내 수식. 2026년은 1~9월 누계.
A2: 광종 | B2: 원소 | C2: 연도 | D2: HS코드(10자리) | E2: 품목명 | F2: 순위 | G2: 국가코드 | H2: 국가명 | I2: 수입금액(USD) | J2: 수입금액(천USD) | K2: 수입중량(kg) | L2: 수입중량(톤) | M2: 수입금액 비중(HS내) | N2: 수입중량 비중(HS내) | O2: 수출금액(USD) | P2: 수출금액(천USD) | Q2: 수출중량(kg) | R2: 수출중량(톤) | S2: HS 총수입금액(USD) | T2: HS 총수입중량(kg)
A3: 탄탈륨 | B3: Ta | C3: 2020 | D3: 2615902000 | E3: 탄탈륨광과 그 정광 | F3: 1 | G3: CN | H3: 중국 | I3: 6074 | J3: =I3/1000 -> 6.074 | K3: 13 | L3: =K3/1000 -> 0.013 | M3: =IF(SUMIFS($I$3:$I$30000,$B$3:$B$30000,$B3,$C$3:$C$30000,$C3,$D$3:$D$30000,$D3)=0,0,I3/SUMIFS($I$3:$I$30000,$B$3:$B$30000,$B3,$C$3:$C$30000,$C3,$D$3:$D$30000,$D3)) -> 0.91420831 | N3: =IF(SUMIFS($K$3:$K$30000,$B$3:$B$30000,$B3,$C$3:$C$30000,$C3,$D$3:$D$30000,$D3)=0,0,K3/SUMIFS($K$3:$K$30000,$B$3:$B$30000,$B3,$C$3:$C$30000,$C3,$D$3:$D$30000,$D3)) -> 0.54166667 | O3: 0 | P3: =O3/1000 -> 0 | Q3: 0 | R3: =Q3/1000 -> 0 | S3: 6644 | T3: 24
A4: 탄탈륨 | B4: Ta | C4: 2020 | D4: 2615902000 | E4: 탄탈륨광과 그 정광 | F4: 2 | G4: LR | H4: 라이베리아 | I4: 296 | J4: =I4/1000 -> 0.296 | K4: 10 | L4: =K4/1000 -> 0.01 | M4: =IF(SUMIFS($I$3:$I$30000,$B$3:$B$30000,$B4,$C$3:$C$30000,$C4,$D$3:$D$30000,$D4)=0,0,I4/SUMIFS($I$3:$I$30000,$B$3:$B$30000,$B4,$C$3:$C$30000,$C4,$D$3:$D$30000,$D4)) -> 0.044551475 | N4: =IF(SUMIFS($K$3:$K$30000,$B$3:$B$30000,$B4,$C$3:$C$30000,$C4,$D$3:$D$30000,$D4)=0,0,K4/SUMIFS($K$3:$K$30000,$B$3:$B$30000,$B4,$C$3:$C$30000,$C4,$D$3:$D$30000,$D4)) -> 0.41666667 | O4: 0 | P4: =O4/1000 -> 0 | Q4: 0 | R4: =Q4/1000 -> 0 | S4: 6644 | T4: 24
A5: 탄탈륨 | B5: Ta | C5: 2020 | D5: 2615902000 | E5: 탄탈륨광과 그 정광 | F5: 3 | G5: US | H5: 미국 | I5: 274 | J5: =I5/1000 -> 0.274 | K5: 1 | L5: =K5/1000 -> 0.001 | M5: =IF(SUMIFS($I$3:$I$30000,$B$3:$B$30000,$B5,$C$3:$C$30000,$C5,$D$3:$D$30000,$D5)=0,0,I5/SUMIFS($I$3:$I$30000,$B$3:$B$30000,$B5,$C$3:$C$30000,$C5,$D$3:$D$30000,$D5)) -> 0.041240217 | N5: =IF(SUMIFS($K$3:$K$30000,$B$3:$B$30000,$B5,$C$3:$C$30000,$C5,$D$3:$D$30000,$D5)=0,0,K5/SUMIFS($K$3:$K$30000,$B$3:$B$30000,$B5,$C$3:$C$30000,$C5,$D$3:$D$30000,$D5)) -> 0.041666667 | O5: 0 | P5: =O5/1000 -> 0 | Q5: 0 | R5: =Q5/1000 -> 0 | S5: 6644 | T5: 24
A6: 탄탈륨 | B6: Ta | C6: 2020 | D6: 8103201000 | E6: 탄탈륨과 그 제품_괴 | F6: 1 | G6: RU | H6: 러시아 | I6: 87500 | J6: =I6/1000 -> 87.5 | K6: 500 | L6: =K6/1000 -> 0.5 | M6: =IF(SUMIFS($I$3:$I$30000,$B$3:$B$30000,$B6,$C$3:$C$30000,$C6,$D$3:$D$30000,$D6)=0,0,I6/SUMIFS($I$3:$I$30000,$B$3:$B$30000,$B6,$C$3:$C$30000,$C6,$D$3:$D$30000,$D6)) -> 0.95485448 | N6: =IF(SUMIFS($K$3:$K$30000,$B$3:$B$30000,$B6,$C$3:$C$30000,$C6,$D$3:$D$30000,$D6)=0,0,K6/SUMIFS($K$3:$K$30000,$B$3:$B$30000,$B6,$C$3:$C$30000,$C6,$D$3:$D$30000,$D6)) -> 0.98425197 | O6: 0 | P6: =O6/1000 -> 0 | Q6: 0 | R6: =Q6/1000 -> 0 | S6: 91637 | T6: 508
A7: 탄탈륨 | B7: Ta | C7: 2020 | D7: 8103201000 | E7: 탄탈륨과 그 제품_괴 | F7: 2 | G7: CN | H7: 중국 | I7: 2297 | J7: =I7/1000 -> 2.297 | K7: 8 | L7: =K7/1000 -> 0.008 | M7: =IF(SUMIFS($I$3:$I$30000,$B$3:$B$30000,$B7,$C$3:$C$30000,$C7,$D$3:$D$30000,$D7)=0,0,I7/SUMIFS($I$3:$I$30000,$B$3:$B$30000,$B7,$C$3:$C$30000,$C7,$D$3:$D$30000,$D7)) -> 0.025066294 | N7: =IF(SUMIFS($K$3:$K$30000,$B$3:$B$30000,$B7,$C$3:$C$30000,$C7,$D$3:$D$30000,$D7)=0,0,K7/SUMIFS($K$3:$K$30000,$B$3:$B$30000,$B7,$C$3:$C$30000,$C7,$D$3:$D$30000,$D7)) -> 0.015748031 | O7: 0 | P7: =O7/1000 -> 0 | Q7: 0 | R7: =Q7/1000 -> 0 | S7: 91637 | T7: 508
A8: 탄탈륨 | B8: Ta | C8: 2020 | D8: 8103201000 | E8: 탄탈륨과 그 제품_괴 | F8: 3 | G8: US | H8: 미국 | I8: 1840 | J8: =I8/1000 -> 1.84 | K8: 0 | L8: =K8/1000 -> 0 | M8: =IF(SUMIFS($I$3:$I$30000,$B$3:$B$30000,$B8,$C$3:$C$30000,$C8,$D$3:$D$30000,$D8)=0,0,I8/SUMIFS($I$3:$I$30000,$B$3:$B$30000,$B8,$C$3:$C$30000,$C8,$D$3:$D$30000,$D8)) -> 0.020079226 | N8: =IF(SUMIFS($K$3:$K$30000,$B$3:$B$30000,$B8,$C$3:$C$30000,$C8,$D$3:$D$30000,$D8)=0,0,K8/SUMIFS($K$3:$K$30000,$B$3:$B$30000,$B8,$C$3:$C$30000,$C8,$D$3:$D$30000,$D8)) -> 0 | O8: 0 | P8: =O8/1000 -> 0 | Q8: 0 | R8: =Q8/1000 -> 0 | S8: 91637 | T8: 508
A9: 탄탈륨 | B9: Ta | C9: 2020 | D9: 8103202000 | E9: 탄탈륨과 그 제품_가루 | F9: 1 | G9: PH | H9: 필리핀 | I9: 14645 | J9: =I9/1000 -> 14.645 | K9: 96 | L9: =K9/1000 -> 0.096 | M9: =IF(SUMIFS($I$3:$I$30000,$B$3:$B$30000,$B9,$C$3:$C$30000,$C9,$D$3:$D$30000,$D9)=0,0,I9/SUMIFS($I$3:$I$30000,$B$3:$B$30000,$B9,$C$3:$C$30000,$C9,$D$3:$D$30000,$D9)) -> 0.52702605 | N9: =IF(SUMIFS($K$3:$K$30000,$B$3:$B$30000,$B9,$C$3:$C$30000,$C9,$D$3:$D$30000,$D9)=0,0,K9/SUMIFS($K$3:$K$30000,$B$3:$B$30000,$B9,$C$3:$C$30000,$C9,$D$3:$D$30000,$D9)) -> 0.90566038 | O9: 0 | P9: =O9/1000 -> 0 | Q9: 0 | R9: =Q9/1000 -> 0 | S9: 27788 | T9: 106
A10: 탄탈륨 | B10: Ta | C10: 2020 | D10: 8103202000 | E10: 탄탈륨과 그 제품_가루 | F10: 2 | G10: CN | H10: 중국 | I10: 10670 | J10: =I10/1000 -> 10.67 | K10: 9 | L10: =K10/1000 -> 0.009 | M10: =IF(SUMIFS($I$3:$I$30000,$B$3:$B$30000,$B10,$C$3:$C$30000,$C10,$D$3:$D$30000,$D10)=0,0,I10/SUMIFS($I$3:$I$30000,$B$3:$B$30000,$B10,$C$3:$C$30000,$C10,$D$3:$D$30000,$D10)) -> 0.3839787 | N10: =IF(SUMIFS($K$3:$K$30000,$B$3:$B$30000,$B10,$C$3:$C$30000,$C10,$D$3:$D$30000,$D10)=0,0,K10/SUMIFS($K$3:$K$30000,$B$3:$B$30000,$B10,$C$3:$C$30000,$C10,$D$3:$D$30000,$D10)) -> 0.08490566 | O10: 0 | P10: =O10/1000 -> 0 | Q10: 0 | R10: =Q10/1000 -> 0 | S10: 27788 | T10: 106
A11: 탄탈륨 | B11: Ta | C11: 2020 | D11: 8103202000 | E11: 탄탈륨과 그 제품_가루 | F11: 3 | G11: US | H11: 미국 | I11: 1902 | J11: =I11/1000 -> 1.902 | K11: 1 | L11: =K11/1000 -> 0.001 | M11: =IF(SUMIFS($I$3:$I$30000,$B$3:$B$30000,$B11,$C$3:$C$30000,$C11,$D$3:$D$30000,$D11)=0,0,I11/SUMIFS($I$3:$I$30000,$B$3:$B$30000,$B11,$C$3:$C$30000,$C11,$D$3:$D$30000,$D11)) -> 0.068446812 | N11: =IF(SUMIFS($K$3:$K$30000,$B$3:$B$30000,$B11,$C$3:$C$30000,$C11,$D$3:$D$30000,$D11)=0,0,K11/SUMIFS($K$3:$K$30000,$B$3:$B$30000,$B11,$C$3:$C$30000,$C11,$D$3:$D$30000,$D11)) -> 0.0094339623 | O11: 0 | P11: =O11/1000 -> 0 | Q11: 0 | R11: =Q11/1000 -> 0 | S11: 27788 | T11: 106
A12: 탄탈륨 | B12: Ta | C12: 2020 | D12: 8103202000 | E12: 탄탈륨과 그 제품_가루 | F12: 4 | G12: JP | H12: 일본 | I12: 571 | J12: =I12/1000 -> 0.571 | K12: 0 | L12: =K12/1000 -> 0 | M12: =IF(SUMIFS($I$3:$I$30000,$B$3:$B$30000,$B12,$C$3:$C$30000,$C12,$D$3:$D$30000,$D12)=0,0,I12/SUMIFS($I$3:$I$30000,$B$3:$B$30000,$B12,$C$3:$C$30000,$C12,$D$3:$D$30000,$D12)) -> 0.020548438 | N12: =IF(SUMIFS($K$3:$K$30000,$B$3:$B$30000,$B12,$C$3:$C$30000,$C12,$D$3:$D$30000,$D12)=0,0,K12/SUMIFS($K$3:$K$30000,$B$3:$B$30000,$B12,$C$3:$C$30000,$C12,$D$3:$D$30000,$D12)) -> 0 | O12: 0 | P12: =O12/1000 -> 0 | Q12: 0 | R12: =Q12/1000 -> 0 | S12: 27788 | T12: 106
A13: 탄탈륨 | B13: Ta | C13: 2020 | D13: 8103202000 | E13: 탄탈륨과 그 제품_가루 | F13: 5 | G13: DE | H13: 독일 | I13: 0 | J13: =I13/1000 -> 0 | K13: 0 | L13: =K13/1000 -> 0 | M13: =IF(SUMIFS($I$3:$I$30000,$B$3:$B$30000,$B13,$C$3:$C$30000,$C13,$D$3:$D$30000,$D13)=0,0,I13/SUMIFS($I$3:$I$30000,$B$3:$B$30000,$B13,$C$3:$C$30000,$C13,$D$3:$D$30000,$D13)) -> 0 | N13: =IF(SUMIFS($K$3:$K$30000,$B$3:$B$30000,$B13,$C$3:$C$30000,$C13,$D$3:$D$30000,$D13)=0,0,K13/SUMIFS($K$3:$K$30000,$B$3:$B$30000,$B13,$C$3:$C$30000,$C13,$D$3:$D$30000,$D13)) -> 0 | O13: 76870 | P13: =O13/1000 -> 76.87 | Q13: 1049 | R13: =Q13/1000 -> 1.049 | S13: 27788 | T13: 106
A14: 탄탈륨 | B14: Ta | C14: 2020 | D14: 8103202000 | E14: 탄탈륨과 그 제품_가루 | F14: 6 | G14: SG | H14: 싱가포르 | I14: 0 | J14: =I14/1000 -> 0 | K14: 0 | L14: =K14/1000 -> 0 | M14: =IF(SUMIFS($I$3:$I$30000,$B$3:$B$30000,$B14,$C$3:$C$30000,$C14,$D$3:$D$30000,$D14)=0,0,I14/SUMIFS($I$3:$I$30000,$B$3:$B$30000,$B14,$C$3:$C$30000,$C14,$D$3:$D$30000,$D14)) -> 0 | N14: =IF(SUMIFS($K$3:$K$30000,$B$3:$B$30000,$B14,$C$3:$C$30000,$C14,$D$3:$D$30000,$D14)=0,0,K14/SUMIFS($K$3:$K$30000,$B$3:$B$30000,$B14,$C$3:$C$30000,$C14,$D$3:$D$30000,$D14)) -> 0 | O14: 97 | P14: =O14/1000 -> 0.097 | Q14: 0 | R14: =Q14/1000 -> 0 | S14: 27788 | T14: 106
... A925: 레늄 | B925: Re | C925: 2026 | D925: 8112410000 | E925: 레륨(괴, 웨이스트와 스크랩, 가루) | F925: 3 | G925: CN | H925: 중국 | I925: 78494 | J925: =I925/1000 -> 78.494 | K925: 10 | L925: =K925/1000 -> 0.01 | M925: =IF(SUMIFS($I$3:$I$30000,$B$3:$B$30000,$B925,$C$3:$C$30000,$C925,$D$3:$D$30000,$D925)=0,0,I925/SUMIFS($I$3:$I$30000,$B$3:$B$30000,$B925,$C$3:$C$30000,$C925,$D$3:$D$30000,$D925)) -> 0.039483566 | N925: =IF(SUMIFS($K$3:$K$30000,$B$3:$B$30000,$B925,$C$3:$C$30000,$C925,$D$3:$D$30000,$D925)=0,0,K925/SUMIFS($K$3:$K$30000,$B$3:$B$30000,$B925,$C$3:$C$30000,$C925,$D$3:$D$30000,$D925)) -> 0.020876827 | O925: 0 | P925: =O925/1000 -> 0 | Q925: 0 | R925: =Q925/1000 -> 0 | S925: 1988017 | T925: 479

Sheet 관세청_HS코드별_총계
A1: 관세청 HS코드(10자리)별 연도별 총수입 (수식: '관세청_HS코드별_국가' 시트 SUMIFS). 2026년은 1~9월 누계.
A3: 수입금액(천USD)
A4: 광종 | B4: 원소 | C4: HS코드 | D4: 품목명 | E4: 2020 | F4: 2021 | G4: 2022 | H4: 2023 | I4: 2024 | J4: 2025 | K4: 2026
A5: 탄탈륨 | B5: Ta | C5: 2615902000 | D5: 탄탈륨광과 그 정광 | E5: =SUMIFS(관세청_HS코드별_국가!$I:$I,관세청_HS코드별_국가!$B:$B,$B5,관세청_HS코드별_국가!$D:$D,$C5,관세청_HS코드별_국가!$C:$C,E$4)/1000 -> 6.644 | F5: =SUMIFS(관세청_HS코드별_국가!$I:$I,관세청_HS코드별_국가!$B:$B,$B5,관세청_HS코드별_국가!$D:$D,$C5,관세청_HS코드별_국가!$C:$C,F$4)/1000 -> 15.334 | G5: =SUMIFS(관세청_HS코드별_국가!$I:$I,관세청_HS코드별_국가!$B:$B,$B5,관세청_HS코드별_국가!$D:$D,$C5,관세청_HS코드별_국가!$C:$C,G$4)/1000 -> 53.868 | H5: =SUMIFS(관세청_HS코드별_국가!$I:$I,관세청_HS코드별_국가!$B:$B,$B5,관세청_HS코드별_국가!$D:$D,$C5,관세청_HS코드별_국가!$C:$C,H$4)/1000 -> 1.07 | I5: =SUMIFS(관세청_HS코드별_국가!$I:$I,관세청_HS코드별_국가!$B:$B,$B5,관세청_HS코드별_국가!$D:$D,$C5,관세청_HS코드별_국가!$C:$C,I$4)/1000 -> 10.12 | J5: =SUMIFS(관세청_HS코드별_국가!$I:$I,관세청_HS코드별_국가!$B:$B,$B5,관세청_HS코드별_국가!$D:$D,$C5,관세청_HS코드별_국가!$C:$C,J$4)/1000 -> 0.019 | K5: =SUMIFS(관세청_HS코드별_국가!$I:$I,관세청_HS코드별_국가!$B:$B,$B5,관세청_HS코드별_국가!$D:$D,$C5,관세청_HS코드별_국가!$C:$C,K$4)/1000 -> 8.59
A6: 탄탈륨 | B6: Ta | C6: 8103201000 | D6: 탄탈륨과 그 제품_괴 | E6: =SUMIFS(관세청_HS코드별_국가!$I:$I,관세청_HS코드별_국가!$B:$B,$B6,관세청_HS코드별_국가!$D:$D,$C6,관세청_HS코드별_국가!$C:$C,E$4)/1000 -> 91.637 | F6: =SUMIFS(관세청_HS코드별_국가!$I:$I,관세청_HS코드별_국가!$B:$B,$B6,관세청_HS코드별_국가!$D:$D,$C6,관세청_HS코드별_국가!$C:$C,F$4)/1000 -> 256.293 | G6: =SUMIFS(관세청_HS코드별_국가!$I:$I,관세청_HS코드별_국가!$B:$B,$B6,관세청_HS코드별_국가!$D:$D,$C6,관세청_HS코드별_국가!$C:$C,G$4)/1000 -> 572.81 | H6: =SUMIFS(관세청_HS코드별_국가!$I:$I,관세청_HS코드별_국가!$B:$B,$B6,관세청_HS코드별_국가!$D:$D,$C6,관세청_HS코드별_국가!$C:$C,H$4)/1000 -> 647.082 | I6: =SUMIFS(관세청_HS코드별_국가!$I:$I,관세청_HS코드별_국가!$B:$B,$B6,관세청_HS코드별_국가!$D:$D,$C6,관세청_HS코드별_국가!$C:$C,I$4)/1000 -> 4670.919 | J6: =SUMIFS(관세청_HS코드별_국가!$I:$I,관세청_HS코드별_국가!$B:$B,$B6,관세청_HS코드별_국가!$D:$D,$C6,관세청_HS코드별_국가!$C:$C,J$4)/1000 -> 314.602 | K6: =SUMIFS(관세청_HS코드별_국가!$I:$I,관세청_HS코드별_국가!$B:$B,$B6,관세청_HS코드별_국가!$D:$D,$C6,관세청_HS코드별_국가!$C:$C,K$4)/1000 -> 253.377
A7: 탄탈륨 | B7: Ta | C7: 8103202000 | D7: 탄탈륨과 그 제품_가루 | E7: =SUMIFS(관세청_HS코드별_국가!$I:$I,관세청_HS코드별_국가!$B:$B,$B7,관세청_HS코드별_국가!$D:$D,$C7,관세청_HS코드별_국가!$C:$C,E$4)/1000 -> 27.788 | F7: =SUMIFS(관세청_HS코드별_국가!$I:$I,관세청_HS코드별_국가!$B:$B,$B7,관세청_HS코드별_국가!$D:$D,$C7,관세청_HS코드별_국가!$C:$C,F$4)/1000 -> 37.744 | G7: =SUMIFS(관세청_HS코드별_국가!$I:$I,관세청_HS코드별_국가!$B:$B,$B7,관세청_HS코드별_국가!$D:$D,$C7,관세청_HS코드별_국가!$C:$C,G$4)/1000 -> 20.965 | H7: =SUMIFS(관세청_HS코드별_국가!$I:$I,관세청_HS코드별_국가!$B:$B,$B7,관세청_HS코드별_국가!$D:$D,$C7,관세청_HS코드별_국가!$C:$C,H$4)/1000 -> 138.471 | I7: =SUMIFS(관세청_HS코드별_국가!$I:$I,관세청_HS코드별_국가!$B:$B,$B7,관세청_HS코드별_국가!$D:$D,$C7,관세청_HS코드별_국가!$C:$C,I$4)/1000 -> 99.719 | J7: =SUMIFS(관세청_HS코드별_국가!$I:$I,관세청_HS코드별_국가!$B:$B,$B7,관세청_HS코드별_국가!$D:$D,$C7,관세청_HS코드별_국가!$C:$C,J$4)/1000 -> 102.447 | K7: =SUMIFS(관세청_HS코드별_국가!$I:$I,관세청_HS코드별_국가!$B:$B,$B7,관세청_HS코드별_국가!$D:$D,$C7,관세청_HS코드별_국가!$C:$C,K$4)/1000 -> 101.805
A8: 탄탈륨 | B8: Ta | C8: 8103300000 | D8: 탄탈륨과 그 제품_웨이스트, 스크랩 | E8: =SUMIFS(관세청_HS코드별_국가!$I:$I,관세청_HS코드별_국가!$B:$B,$B8,관세청_HS코드별_국가!$D:$D,$C8,관세청_HS코드별_국가!$C:$C,E$4)/1000 -> 147.569 | F8: =SUMIFS(관세청_HS코드별_국가!$I:$I,관세청_HS코드별_국가!$B:$B,$B8,관세청_HS코드별_국가!$D:$D,$C8,관세청_HS코드별_국가!$C:$C,F$4)/1000 -> 86.597 | G8: =SUMIFS(관세청_HS코드별_국가!$I:$I,관세청_HS코드별_국가!$B:$B,$B8,관세청_HS코드별_국가!$D:$D,$C8,관세청_HS코드별_국가!$C:$C,G$4)/1000 -> 222.711 | H8: =SUMIFS(관세청_HS코드별_국가!$I:$I,관세청_HS코드별_국가!$B:$B,$B8,관세청_HS코드별_국가!$D:$D,$C8,관세청_HS코드별_국가!$C:$C,H$4)/1000 -> 592.502 | I8: =SUMIFS(관세청_HS코드별_국가!$I:$I,관세청_HS코드별_국가!$B:$B,$B8,관세청_HS코드별_국가!$D:$D,$C8,관세청_HS코드별_국가!$C:$C,I$4)/1000 -> 1264.122 | J8: =SUMIFS(관세청_HS코드별_국가!$I:$I,관세청_HS코드별_국가!$B:$B,$B8,관세청_HS코드별_국가!$D:$D,$C8,관세청_HS코드별_국가!$C:$C,J$4)/1000 -> 812.972 | K8: =SUMIFS(관세청_HS코드별_국가!$I:$I,관세청_HS코드별_국가!$B:$B,$B8,관세청_HS코드별_국가!$D:$D,$C8,관세청_HS코드별_국가!$C:$C,K$4)/1000 -> 1506.862
A9: 탄탈륨 | B9: Ta | C9: 8103900000 | D9: 탄탈륨과 그 제품_기타 | E9: =SUMIFS(관세청_HS코드별_국가!$I:$I,관세청_HS코드별_국가!$B:$B,$B9,관세청_HS코드별_국가!$D:$D,$C9,관세청_HS코드별_국가!$C:$C,E$4)/1000 -> 72560.622 | F9: =SUMIFS(관세청_HS코드별_국가!$I:$I,관세청_HS코드별_국가!$B:$B,$B9,관세청_HS코드별_국가!$D:$D,$C9,관세청_HS코드별_국가!$C:$C,F$4)/1000 -> 90781.569 | G9: =SUMIFS(관세청_HS코드별_국가!$I:$I,관세청_HS코드별_국가!$B:$B,$B9,관세청_HS코드별_국가!$D:$D,$C9,관세청_HS코드별_국가!$C:$C,G$4)/1000 -> 330.05 | H9: =SUMIFS(관세청_HS코드별_국가!$I:$I,관세청_HS코드별_국가!$B:$B,$B9,관세청_HS코드별_국가!$D:$D,$C9,관세청_HS코드별_국가!$C:$C,H$4)/1000 -> 0 | I9: =SUMIFS(관세청_HS코드별_국가!$I:$I,관세청_HS코드별_국가!$B:$B,$B9,관세청_HS코드별_국가!$D:$D,$C9,관세청_HS코드별_국가!$C:$C,I$4)/1000 -> 0 | J9: =SUMIFS(관세청_HS코드별_국가!$I:$I,관세청_HS코드별_국가!$B:$B,$B9,관세청_HS코드별_국가!$D:$D,$C9,관세청_HS코드별_국가!$C:$C,J$4)/1000 -> 0 | K9: =SUMIFS(관세청_HS코드별_국가!$I:$I,관세청_HS코드별_국가!$B:$B,$B9,관세청_HS코드별_국가!$D:$D,$C9,관세청_HS코드별_국가!$C:$C,K$4)/1000 -> 0
A10: 탄탈륨 | B10: Ta | C10: 8103990000 | D10: 탄탈륨과 그 제품_기타 | E10: =SUMIFS(관세청_HS코드별_국가!$I:$I,관세청_HS코드별_국가!$B:$B,$B10,관세청_HS코드별_국가!$D:$D,$C10,관세청_HS코드별_국가!$C:$C,E$4)/1000 -> 0 | F10: =SUMIFS(관세청_HS코드별_국가!$I:$I,관세청_HS코드별_국가!$B:$B,$B10,관세청_HS코드별_국가!$D:$D,$C10,관세청_HS코드별_국가!$C:$C,F$4)/1000 -> 0 | G10: =SUMIFS(관세청_HS코드별_국가!$I:$I,관세청_HS코드별_국가!$B:$B,$B10,관세청_HS코드별_국가!$D:$D,$C10,관세청_HS코드별_국가!$C:$C,G$4)/1000 -> 110613.61 | H10: =SUMIFS(관세청_HS코드별_국가!$I:$I,관세청_HS코드별_국가!$B:$B,$B10,관세청_HS코드별_국가!$D:$D,$C10,관세청_HS코드별_국가!$C:$C,H$4)/1000 -> 102663.91 | I10: =SUMIFS(관세청_HS코드별_국가!$I:$I,관세청_HS코드별_국가!$B:$B,$B10,관세청_HS코드별_국가!$D:$D,$C10,관세청_HS코드별_국가!$C:$C,I$4)/1000 -> 128407.32 | J10: =SUMIFS(관세청_HS코드별_국가!$I:$I,관세청_HS코드별_국가!$B:$B,$B10,관세청_HS코드별_국가!$D:$D,$C10,관세청_HS코드별_국가!$C:$C,J$4)/1000 -> 117207.98 | K10: =SUMIFS(관세청_HS코드별_국가!$I:$I,관세청_HS코드별_국가!$B:$B,$B10,관세청_HS코드별_국가!$D:$D,$C10,관세청_HS코드별_국가!$C:$C,K$4)/1000 -> 62659.23
A11: 니오븀 | B11: Nb | C11: 2615901000 | D11: 니오븀광과 그 정광 | E11: =SUMIFS(관세청_HS코드별_국가!$I:$I,관세청_HS코드별_국가!$B:$B,$B11,관세청_HS코드별_국가!$D:$D,$C11,관세청_HS코드별_국가!$C:$C,E$4)/1000 -> 2.189 | F11: =SUMIFS(관세청_HS코드별_국가!$I:$I,관세청_HS코드별_국가!$B:$B,$B11,관세청_HS코드별_국가!$D:$D,$C11,관세청_HS코드별_국가!$C:$C,F$4)/1000 -> 22.896 | G11: =SUMIFS(관세청_HS코드별_국가!$I:$I,관세청_HS코드별_국가!$B:$B,$B11,관세청_HS코드별_국가!$D:$D,$C11,관세청_HS코드별_국가!$C:$C,G$4)/1000 -> 23.564 | H11: =SUMIFS(관세청_HS코드별_국가!$I:$I,관세청_HS코드별_국가!$B:$B,$B11,관세청_HS코드별_국가!$D:$D,$C11,관세청_HS코드별_국가!$C:$C,H$4)/1000 -> 31.093 | I11: =SUMIFS(관세청_HS코드별_국가!$I:$I,관세청_HS코드별_국가!$B:$B,$B11,관세청_HS코드별_국가!$D:$D,$C11,관세청_HS코드별_국가!$C:$C,I$4)/1000 -> 28.377 | J11: =SUMIFS(관세청_HS코드별_국가!$I:$I,관세청_HS코드별_국가!$B:$B,$B11,관세청_HS코드별_국가!$D:$D,$C11,관세청_HS코드별_국가!$C:$C,J$4)/1000 -> 0.26 | K11: =SUMIFS(관세청_HS코드별_국가!$I:$I,관세청_HS코드별_국가!$B:$B,$B11,관세청_HS코드별_국가!$D:$D,$C11,관세청_HS코드별_국가!$C:$C,K$4)/1000 -> 0
A12: 니오븀 | B12: Nb | C12: 7202930000 | D12: 페로니오븀 | E12: =SUMIFS(관세청_HS코드별_국가!$I:$I,관세청_HS코드별_국가!$B:$B,$B12,관세청_HS코드별_국가!$D:$D,$C12,관세청_HS코드별_국가!$C:$C,E$4)/1000 -> 145493.52 | F12: =SUMIFS(관세청_HS코드별_국가!$I:$I,관세청_HS코드별_국가!$B:$B,$B12,관세청_HS코드별_국가!$D:$D,$C12,관세청_HS코드별_국가!$C:$C,F$4)/1000 -> 196063.19 | G12: =SUMIFS(관세청_HS코드별_국가!$I:$I,관세청_HS코드별_국가!$B:$B,$B12,관세청_HS코드별_국가!$D:$D,$C12,관세청_HS코드별_국가!$C:$C,G$4)/1000 -> 190648.38 | H12: =SUMIFS(관세청_HS코드별_국가!$I:$I,관세청_HS코드별_국가!$B:$B,$B12,관세청_HS코드별_국가!$D:$D,$C12,관세청_HS코드별_국가!$C:$C,H$4)/1000 -> 214398.02 | I12: =SUMIFS(관세청_HS코드별_국가!$I:$I,관세청_HS코드별_국가!$B:$B,$B12,관세청_HS코드별_국가!$D:$D,$C12,관세청_HS코드별_국가!$C:$C,I$4)/1000 -> 226285.64 | J12: =SUMIFS(관세청_HS코드별_국가!$I:$I,관세청_HS코드별_국가!$B:$B,$B12,관세청_HS코드별_국가!$D:$D,$C12,관세청_HS코드별_국가!$C:$C,J$4)/1000 -> 222759.44 | K12: =SUMIFS(관세청_HS코드별_국가!$I:$I,관세청_HS코드별_국가!$B:$B,$B12,관세청_HS코드별_국가!$D:$D,$C12,관세청_HS코드별_국가!$C:$C,K$4)/1000 -> 181103.27
A13: 니오븀 | B13: Nb | C13: 8112926000 | D13: 니오븀과 그 제품_괴, 웨이스트와 스크랩, 가루(컬럼븀 등) | E13: =SUMIFS(관세청_HS코드별_국가!$I:$I,관세청_HS코드별_국가!$B:$B,$B13,관세청_HS코드별_국가!$D:$D,$C13,관세청_HS코드별_국가!$C:$C,E$4)/1000 -> 178.083 | F13: =SUMIFS(관세청_HS코드별_국가!$I:$I,관세청_HS코드별_국가!$B:$B,$B13,관세청_HS코드별_국가!$D:$D,$C13,관세청_HS코드별_국가!$C:$C,F$4)/1000 -> 321.104 | G13: =SUMIFS(관세청_HS코드별_국가!$I:$I,관세청_HS코드별_국가!$B:$B,$B13,관세청_HS코드별_국가!$D:$D,$C13,관세청_HS코드별_국가!$C:$C,G$4)/1000 -> 1019.954 | H13: =SUMIFS(관세청_HS코드별_국가!$I:$I,관세청_HS코드별_국가!$B:$B,$B13,관세청_HS코드별_국가!$D:$D,$C13,관세청_HS코드별_국가!$C:$C,H$4)/1000 -> 1219.171 | I13: =SUMIFS(관세청_HS코드별_국가!$I:$I,관세청_HS코드별_국가!$B:$B,$B13,관세청_HS코드별_국가!$D:$D,$C13,관세청_HS코드별_국가!$C:$C,I$4)/1000 -> 2385.367 | J13: =SUMIFS(관세청_HS코드별_국가!$I:$I,관세청_HS코드별_국가!$B:$B,$B13,관세청_HS코드별_국가!$D:$D,$C13,관세청_HS코드별_국가!$C:$C,J$4)/1000 -> 4659.215 | K13: =SUMIFS(관세청_HS코드별_국가!$I:$I,관세청_HS코드별_국가!$B:$B,$B13,관세청_HS코드별_국가!$D:$D,$C13,관세청_HS코드별_국가!$C:$C,K$4)/1000 -> 2433.99
A14: 니오븀 | B14: Nb | C14: 8112996000 | D14: 니오븀과 그 제품_기타(컬럼븀 등) | E14: =SUMIFS(관세청_HS코드별_국가!$I:$I,관세청_HS코드별_국가!$B:$B,$B14,관세청_HS코드별_국가!$D:$D,$C14,관세청_HS코드별_국가!$C:$C,E$4)/1000 -> 7837.707 | F14: =SUMIFS(관세청_HS코드별_국가!$I:$I,관세청_HS코드별_국가!$B:$B,$B14,관세청_HS코드별_국가!$D:$D,$C14,관세청_HS코드별_국가!$C:$C,F$4)/1000 -> 3808.779 | G14: =SUMIFS(관세청_HS코드별_국가!$I:$I,관세청_HS코드별_국가!$B:$B,$B14,관세청_HS코드별_국가!$D:$D,$C14,관세청_HS코드별_국가!$C:$C,G$4)/1000 -> 3807.09 | H14: =SUMIFS(관세청_HS코드별_국가!$I:$I,관세청_HS코드별_국가!$B:$B,$B14,관세청_HS코드별_국가!$D:$D,$C14,관세청_HS코드별_국가!$C:$C,H$4)/1000 -> 4012.272 | I14: =SUMIFS(관세청_HS코드별_국가!$I:$I,관세청_HS코드별_국가!$B:$B,$B14,관세청_HS코드별_국가!$D:$D,$C14,관세청_HS코드별_국가!$C:$C,I$4)/1000 -> 2662.227 | J14: =SUMIFS(관세청_HS코드별_국가!$I:$I,관세청_HS코드별_국가!$B:$B,$B14,관세청_HS코드별_국가!$D:$D,$C14,관세청_HS코드별_국가!$C:$C,J$4)/1000 -> 2592.582 | K14: =SUMIFS(관세청_HS코드별_국가!$I:$I,관세청_HS코드별_국가!$B:$B,$B14,관세청_HS코드별_국가!$D:$D,$C14,관세청_HS코드별_국가!$C:$C,K$4)/1000 -> 2588.067
A15: 인듐 | B15: In | C15: 8112925000 | D15: 인듐과 그 제품_괴,웨이스트,스크랩 | E15: =SUMIFS(관세청_HS코드별_국가!$I:$I,관세청_HS코드별_국가!$B:$B,$B15,관세청_HS코드별_국가!$D:$D,$C15,관세청_HS코드별_국가!$C:$C,E$4)/1000 -> 13109.299 | F15: =SUMIFS(관세청_HS코드별_국가!$I:$I,관세청_HS코드별_국가!$B:$B,$B15,관세청_HS코드별_국가!$D:$D,$C15,관세청_HS코드별_국가!$C:$C,F$4)/1000 -> 64106.998 | G15: =SUMIFS(관세청_HS코드별_국가!$I:$I,관세청_HS코드별_국가!$B:$B,$B15,관세청_HS코드별_국가!$D:$D,$C15,관세청_HS코드별_국가!$C:$C,G$4)/1000 -> 70957.417 | H15: =SUMIFS(관세청_HS코드별_국가!$I:$I,관세청_HS코드별_국가!$B:$B,$B15,관세청_HS코드별_국가!$D:$D,$C15,관세청_HS코드별_국가!$C:$C,H$4)/1000 -> 73048.768 | I15: =SUMIFS(관세청_HS코드별_국가!$I:$I,관세청_HS코드별_국가!$B:$B,$B15,관세청_HS코드별_국가!$D:$D,$C15,관세청_HS코드별_국가!$C:$C,I$4)/1000 -> 93083.659 | J15: =SUMIFS(관세청_HS코드별_국가!$I:$I,관세청_HS코드별_국가!$B:$B,$B15,관세청_HS코드별_국가!$D:$D,$C15,관세청_HS코드별_국가!$C:$C,J$4)/1000 -> 85104.072 | K15: =SUMIFS(관세청_HS코드별_국가!$I:$I,관세청_HS코드별_국가!$B:$B,$B15,관세청_HS코드별_국가!$D:$D,$C15,관세청_HS코드별_국가!$C:$C,K$4)/1000 -> 72793.579
A16: 인듐 | B16: In | C16: 8112995000 | D16: 인듐과 그 제품_기타 | E16: =SUMIFS(관세청_HS코드별_국가!$I:$I,관세청_HS코드별_국가!$B:$B,$B16,관세청_HS코드별_국가!$D:$D,$C16,관세청_HS코드별_국가!$C:$C,E$4)/1000 -> 2272.407 | F16: =SUMIFS(관세청_HS코드별_국가!$I:$I,관세청_HS코드별_국가!$B:$B,$B16,관세청_HS코드별_국가!$D:$D,$C16,관세청_HS코드별_국가!$C:$C,F$4)/1000 -> 2880.59 | G16: =SUMIFS(관세청_HS코드별_국가!$I:$I,관세청_HS코드별_국가!$B:$B,$B16,관세청_HS코드별_국가!$D:$D,$C16,관세청_HS코드별_국가!$C:$C,G$4)/1000 -> 3576.193 | H16: =SUMIFS(관세청_HS코드별_국가!$I:$I,관세청_HS코드별_국가!$B:$B,$B16,관세청_HS코드별_국가!$D:$D,$C16,관세청_HS코드별_국가!$C:$C,H$4)/1000 -> 1334.078 | I16: =SUMIFS(관세청_HS코드별_국가!$I:$I,관세청_HS코드별_국가!$B:$B,$B16,관세청_HS코드별_국가!$D:$D,$C16,관세청_HS코드별_국가!$C:$C,I$4)/1000 -> 1257.912 | J16: =SUMIFS(관세청_HS코드별_국가!$I:$I,관세청_HS코드별_국가!$B:$B,$B16,관세청_HS코드별_국가!$D:$D,$C16,관세청_HS코드별_국가!$C:$C,J$4)/1000 -> 1433.251 | K16: =SUMIFS(관세청_HS코드별_국가!$I:$I,관세청_HS코드별_국가!$B:$B,$B16,관세청_HS코드별_국가!$D:$D,$C16,관세청_HS코드별_국가!$C:$C,K$4)/1000 -> 2248.714
