Workbook

Sheet 전체공시
A1: No | B1: 접수일자 | C1: 연도 | D1: 공시대상회사 | E1: 공시명(보고서명) | F1: 정정구분 | G1: 공시유형 | H1: 제출인 | I1: 최종본 | J1: 비고 | K1: 접수번호(rcpNo) | L1: DART 링크
A2: 1 | B2: 46111 | C2: 2026 | D2: 코엔텍 | E2: 사업보고서 (2025.12) | G2: 정기공시 | H2: 코엔텍 | I2: Y | K2: 20260330000925 | L2: https://dart.fss.or.kr/dsaf001/main.do?rcpNo=20260330000925
A3: 2 | B3: 45975 | C3: 2025 | D3: 코엔텍 | E3: 분기보고서 (2025.09) | G3: 정기공시 | H3: 코엔텍 | I3: Y | K3: 20251114000641 | L3: https://dart.fss.or.kr/dsaf001/main.do?rcpNo=20251114000641
A4: 3 | B4: 45882 | C4: 2025 | D4: 코엔텍 | E4: 반기보고서 (2025.06) | G4: 정기공시 | H4: 코엔텍 | I4: Y | K4: 20250813000536 | L4: https://dart.fss.or.kr/dsaf001/main.do?rcpNo=20250813000536
A5: 4 | B5: 45821 | C5: 2025 | D5: 코엔텍 | E5: [기재정정] 합병등종료보고서 (주식의포괄적교환ㆍ이전) | F5: 기재정정 | G5: 발행공시 | H5: 코엔텍 | I5: Y | K5: 20250613000412 | L5: https://dart.fss.or.kr/dsaf001/main.do?rcpNo=20250613000412
A6: 5 | B6: 45818 | C6: 2025 | D6: 코엔텍 | E6: 임원ㆍ주요주주특정증권등소유상황보고서 | G6: 지분공시 | H6: 이앤아이홀딩스 | I6: Y | K6: 20250610000089 | L6: https://dart.fss.or.kr/dsaf001/main.do?rcpNo=20250610000089
A7: 6 | B7: 45818 | C7: 2025 | D7: 코엔텍 | E7: 주식등의대량보유상황보고서(일반) | G7: 지분공시 | H7: 이앤아이홀딩스 | I7: Y | K7: 20250610000087 | L7: https://dart.fss.or.kr/dsaf001/main.do?rcpNo=20250610000087
A8: 7 | B8: 45807 | C8: 2025 | D8: 코엔텍 | E8: 합병등종료보고서 (주식의포괄적교환ㆍ이전) | G8: 발행공시 | H8: 코엔텍 | I8: N | J8: 본 보고서 제출 후 정정신고가 있으니 관련 보고서를 참조하시기 바람 | K8: 20250530001046 | L8: https://dart.fss.or.kr/dsaf001/main.do?rcpNo=20250530001046
A9: 8 | B9: 45800 | C9: 2025 | D9: 코엔텍 | E9: 주권매매거래정지 (주식의 병합, 분할 등 전자등록 변경, 말소) | G9: 거래소공시(시장본부) | H9: 코스닥시장본부 | I9: Y | J9: 본 공시사항은 한국거래소 코스닥시장본부 소관임 | K9: 20250523900393 | L9: https://dart.fss.or.kr/dsaf001/main.do?rcpNo=20250523900393
A10: 9 | B10: 45792 | C10: 2025 | D10: 코엔텍 | E10: 분기보고서 (2025.03) | G10: 정기공시 | H10: 코엔텍 | I10: Y | K10: 20250515000316 | L10: https://dart.fss.or.kr/dsaf001/main.do?rcpNo=20250515000316
A11: 10 | B11: 45785 | C11: 2025 | D11: 코엔텍 | E11: 감자완료 | G11: 거래소공시(시장본부) | H11: 코엔텍 | I11: Y | J11: 본 공시사항은 한국거래소 코스닥시장본부 소관임 | K11: 20250508900692 | L11: https://dart.fss.or.kr/dsaf001/main.do?rcpNo=20250508900692
A12: 11 | B12: 45775 | C12: 2025 | D12: 코엔텍 | E12: 임시주주총회결과 | G12: 거래소공시(시장본부) | H12: 코엔텍 | I12: Y | J12: 본 공시사항은 한국거래소 코스닥시장본부 소관임 | K12: 20250428900298 | L12: https://dart.fss.or.kr/dsaf001/main.do?rcpNo=20250428900298
A13: 12 | B13: 45758 | C13: 2025 | D13: 코엔텍 | E13: 의결권대리행사권유참고서류 | G13: 지분공시 | H13: 코엔텍 | I13: Y | K13: 20250411001781 | L13: https://dart.fss.or.kr/dsaf001/main.do?rcpNo=20250411001781
A14: 13 | B14: 45758 | C14: 2025 | D14: 코엔텍 | E14: 주주총회소집공고 | G14: 거래소공시(수시공시) | H14: 코엔텍 | I14: Y | K14: 20250411001750 | L14: https://dart.fss.or.kr/dsaf001/main.do?rcpNo=20250411001750
A15: 14 | B15: 45747 | C15: 2025 | D15: 코엔텍 | E15: 정기주주총회결과 | G15: 거래소공시(시장본부) | H15: 코엔텍 | I15: Y | J15: 본 공시사항은 한국거래소 코스닥시장본부 소관임 | K15: 20250331901797 | L15: https://dart.fss.or.kr/dsaf001/main.do?rcpNo=20250331901797
A16: 15 | B16: 45737 | C16: 2025 | D16: 코엔텍 | E16: 감사보고서제출 | G16: 외부감사관련 | H16: 코엔텍 | I16: Y | J16: 본 공시사항은 한국거래소 코스닥시장본부 소관임 | K16: 20250321901569 | L16: https://dart.fss.or.kr/dsaf001/main.do?rcpNo=20250321901569
A17: 16 | B17: 45737 | C17: 2025 | D17: 코엔텍 | E17: 사업보고서 (2024.12) | G17: 정기공시 | H17: 코엔텍 | I17: Y | K17: 20250321001548 | L17: https://dart.fss.or.kr/dsaf001/main.do?rcpNo=20250321001548
A18: 17 | B18: 45736 | C18: 2025 | D18: 코엔텍 | E18: [기재정정] 최대주주변경을수반하는주식담보제공계약체결 | F18: 기재정정 | G18: 거래소공시(시장본부) | H18: 코엔텍 | I18: Y | J18: 본 공시사항은 한국거래소 코스닥시장본부 소관임 | K18: 20250320900162 | L18: https://dart.fss.or.kr/dsaf001/main.do?rcpNo=20250320900162
A19: 18 | B19: 45736 | C19: 2025 | D19: 코엔텍 | E19: [기재정정] 최대주주변경을수반하는주식담보제공계약해제ㆍ취소등 | F19: 기재정정 | G19: 거래소공시(시장본부) | H19: 코엔텍 | I19: Y | J19: 본 공시사항은 한국거래소 코스닥시장본부 소관임 | K19: 20250320900082 | L19: https://dart.fss.or.kr/dsaf001/main.do?rcpNo=20250320900082
A20: 19 | B20: 45735 | C20: 2025 | D20: 코엔텍 | E20: 최대주주변경을수반하는주식담보제공계약체결 | G20: 거래소공시(시장본부) | H20: 코엔텍 | I20: N | J20: 본 공시사항은 한국거래소 코스닥시장본부 소관임 | K20: 20250319901456 | L20: https://dart.fss.or.kr/dsaf001/main.do?rcpNo=20250319901456
A21: 20 | B21: 45735 | C21: 2025 | D21: 코엔텍 | E21: 최대주주변경을수반하는주식담보제공계약해제ㆍ취소등 | G21: 거래소공시(시장본부) | H21: 코엔텍 | I21: N | J21: 본 공시사항은 한국거래소 코스닥시장본부 소관임 | K21: 20250319901434 | L21: https://dart.fss.or.kr/dsaf001/main.do?rcpNo=20250319901434
A22: 21 | B22: 45735 | C22: 2025 | D22: 코엔텍 | E22: 임원ㆍ주요주주특정증권등소유상황보고서 | G22: 지분공시 | H22: 블랙사파이어홀딩스 | I22: Y | K22: 20250319000505 | L22: https://dart.fss.or.kr/dsaf001/main.do?rcpNo=20250319000505
A23: 22 | B23: 45735 | C23: 2025 | D23: 코엔텍 | E23: 임원ㆍ주요주주특정증권등소유상황보고서 | G23: 지분공시 | H23: 이앤아이홀딩스 | I23: Y | K23: 20250319000482 | L23: https://dart.fss.or.kr/dsaf001/main.do?rcpNo=20250319000482
A24: 23 | B24: 45735 | C24: 2025 | D24: 코엔텍 | E24: 주식등의대량보유상황보고서(일반) | G24: 지분공시 | H24: 이앤아이홀딩스 | I24: Y | K24: 20250319000469 | L24: https://dart.fss.or.kr/dsaf001/main.do?rcpNo=20250319000469
A25: 24 | B25: 45734 | C25: 2025 | D25: 코엔텍 | E25: 주권매매거래정지 (주식교환, 이전) | G25: 거래소공시(시장본부) | H25: 코스닥시장본부 | I25: Y | J25: 본 공시사항은 한국거래소 코스닥시장본부 소관임 | K25: 20250318900019 | L25: https://dart.fss.or.kr/dsaf001/main.do?rcpNo=20250318900019
A26: 25 | B26: 45734 | C26: 2025 | D26: 코엔텍 | E26: 주주총회소집결의 (임시주주총회) | G26: 거래소공시(시장본부) | H26: 코엔텍 | I26: Y | J26: 본 공시사항은 한국거래소 코스닥시장본부 소관임 | K26: 20250318900017 | L26: https://dart.fss.or.kr/dsaf001/main.do?rcpNo=20250318900017
A27: 26 | B27: 45734 | C27: 2025 | D27: 코엔텍 | E27: 주요사항보고서(주식교환ㆍ이전결정) | G27: 주요사항보고서 | H27: 코엔텍 | I27: Y | K27: 20250318000008 | L27: https://dart.fss.or.kr/dsaf001/main.do?rcpNo=20250318000008
A28: 27 | B28: 45733 | C28: 2025 | D28: 코엔텍 | E28: 주주명부폐쇄기간또는기준일설정 | G28: 거래소공시(시장본부) | H28: 코엔텍 | I28: Y | J28: 본 공시사항은 한국거래소 코스닥시장본부 소관임 | K28: 20250317901349 | L28: https://dart.fss.or.kr/dsaf001/main.do?rcpNo=20250317901349
A29: 28 | B29: 45730 | C29: 2025 | D29: 코엔텍 | E29: 의결권대리행사권유참고서류 | G29: 지분공시 | H29: 코엔텍 | I29: Y | K29: 20250314000465 | L29: https://dart.fss.or.kr/dsaf001/main.do?rcpNo=20250314000465
A30: 29 | B30: 45730 | C30: 2025 | D30: 코엔텍 | E30: 주주총회소집공고 | G30: 거래소공시(수시공시) | H30: 코엔텍 | I30: Y | K30: 20250314000461 | L30: https://dart.fss.or.kr/dsaf001/main.do?rcpNo=20250314000461
A31: 30 | B31: 45714 | C31: 2025 | D31: 코엔텍 | E31: [첨부정정] 주주총회소집결의 | F31: 첨부정정 | G31: 거래소공시(시장본부) | H31: 코엔텍 | I31: Y | J31: 본 공시사항은 한국거래소 코스닥시장본부 소관임 | K31: 20250226900206 | L31: https://dart.fss.or.kr/dsaf001/main.do?rcpNo=20250226900206
A32: 31 | B32: 45714 | C32: 2025 | D32: 코엔텍 | E32: 주요사항보고서(감자결정) | G32: 주요사항보고서 | H32: 코엔텍 | I32: Y | K32: 20250226001580 | L32: https://dart.fss.or.kr/dsaf001/main.do?rcpNo=20250226001580
A33: 32 | B33: 45713 | C33: 2025 | D33: 코엔텍 | E33: 주식소각결정 | G33: 거래소공시(시장본부) | H33: 코엔텍 | I33: Y | J33: 본 공시사항은 한국거래소 코스닥시장본부 소관임 | K33: 20250225901424 | L33: https://dart.fss.or.kr/dsaf001/main.do?rcpNo=20250225901424
A34: 33 | B34: 45713 | C34: 2025 | D34: 코엔텍 | E34: [첨부정정] 주주총회소집결의 | F34: 첨부정정 | G34: 거래소공시(시장본부) | H34: 코엔텍 | I34: N | J34: 본 공시사항은 한국거래소 코스닥시장본부 소관임 | K34: 20250225901423 | L34: https://dart.fss.or.kr/dsaf001/main.do?rcpNo=20250225901423
A35: 34 | B35: 45713 | C35: 2025 | D35: 코엔텍 | E35: [기재정정] 주주총회소집결의 | F35: 기재정정 | G35: 거래소공시(시장본부) | H35: 코엔텍 | I35: N | J35: 본 공시사항은 한국거래소 코스닥시장본부 소관임 | K35: 20250225901422 | L35: https://dart.fss.or.kr/dsaf001/main.do?rcpNo=20250225901422
A36: 35 | B36: 45707 | C36: 2025 | D36: 코엔텍 | E36: 주주총회소집결의 | G36: 거래소공시(시장본부) | H36: 코엔텍 | I36: N | J36: 본 공시사항은 한국거래소 코스닥시장본부 소관임 | K36: 20250219900721 | L36: https://dart.fss.or.kr/dsaf001/main.do?rcpNo=20250219900721
A37: 36 | B37: 45667 | C37: 2025 | D37: 코엔텍 | E37: 임원ㆍ주요주주특정증권등소유상황보고서 | G37: 지분공시 | H37: 블랙사파이어홀딩스 | I37: Y | K37: 20250110000276 | L37: https://dart.fss.or.kr/dsaf001/main.do?rcpNo=20250110000276
A38: 37 | B38: 45663 | C38: 2025 | D38: 코엔텍 | E38: 주식등의대량보유상황보고서(일반) | G38: 지분공시 | H38: 이앤아이홀딩스 | I38: Y | K38: 20250106000222 | L38: https://dart.fss.or.kr/dsaf001/main.do?rcpNo=20250106000222
A39: 38 | B39: 45659 | C39: 2025 | D39: 코엔텍 | E39: 임원ㆍ주요주주특정증권등소유상황보고서 | G39: 지분공시 | H39: 블랙사파이어홀딩스 | I39: Y | K39: 20250102000146 | L39: https://dart.fss.or.kr/dsaf001/main.do?rcpNo=20250102000146
A40: 39 | B40: 45646 | C40: 2024 | D40: 코엔텍 | E40: 임원ㆍ주요주주특정증권등소유상황보고서 | G40: 지분공시 | H40: 블랙사파이어홀딩스 | I40: Y | K40: 20241220000074 | L40: https://dart.fss.or.kr/dsaf001/main.do?rcpNo=20241220000074
A41: 40 | B41: 45642 | C41: 2024 | D41: 코엔텍 | E41: 주주명부폐쇄기간또는기준일설정 | G41: 거래소공시(시장본부) | H41: 코엔텍 | I41: Y | J41: 본 공시사항은 한국거래소 코스닥시장본부 소관임 | K41: 20241216900551 | L41: https://dart.fss.or.kr/dsaf001/main.do?rcpNo=20241216900551
A42: 41 | B42: 45637 | C42: 2024 | D42: 코엔텍 | E42: 임원ㆍ주요주주특정증권등소유상황보고서 | G42: 지분공시 | H42: 블랙사파이어홀딩스 | I42: Y | K42: 20241211000120 | L42: https://dart.fss.or.kr/dsaf001/main.do?rcpNo=20241211000120
A43: 42 | B43: 45636 | C43: 2024 | D43: 코엔텍 | E43: 주식등의대량보유상황보고서(일반) | G43: 지분공시 | H43: 이앤아이홀딩스 | I43: Y | K43: 20241210000091 | L43: https://dart.fss.or.kr/dsaf001/main.do?rcpNo=20241210000091
A44: 43 | B44: 45629 | C44: 2024 | D44: 코엔텍 | E44: 임원ㆍ주요주주특정증권등소유상황보고서 | G44: 지분공시 | H44: 블랙사파이어홀딩스 | I44: Y | K44: 20241203000370 | L44: https://dart.fss.or.kr/dsaf001/main.do?rcpNo=20241203000370
A45: 44 | B45: 45629 | C45: 2024 | D45: 코엔텍 | E45: 주식등의대량보유상황보고서(일반) | G45: 지분공시 | H45: 이앤아이홀딩스 | I45: Y | K45: 20241203000358 | L45: https://dart.fss.or.kr/dsaf001/main.do?rcpNo=20241203000358
A46: 45 | B46: 45625 | C46: 2024 | D46: 코엔텍 | E46: 공개매수결과보고서 | G46: 발행공시 | H46: 블랙사파이어홀딩스 | I46: Y | K46: 20241129000042 | L46: https://dart.fss.or.kr/dsaf001/main.do?rcpNo=20241129000042
A47: 46 | B47: 45610 | C47: 2024 | D47: 코엔텍 | E47: 분기보고서 (2024.09) | G47: 정기공시 | H47: 코엔텍 | I47: Y | K47: 20241114000512 | L47: https://dart.fss.or.kr/dsaf001/main.do?rcpNo=20241114000512
A48: 47 | B48: 45604 | C48: 2024 | D48: 코엔텍 | E48: 공개매수설명서 | G48: 발행공시 | H48: 블랙사파이어홀딩스 | I48: Y | K48: 20241108000002 | L48: https://dart.fss.or.kr/dsaf001/main.do?rcpNo=20241108000002
A49: 48 | B49: 45604 | C49: 2024 | D49: 코엔텍 | E49: 공개매수신고서 | G49: 발행공시 | H49: 블랙사파이어홀딩스 | I49: Y | K49: 20241108000001 | L49: https://dart.fss.or.kr/dsaf001/main.do?rcpNo=20241108000001
A50: 49 | B50: 45516 | C50: 2024 | D50: 코엔텍 | E50: 반기보고서 (2024.06) | G50: 정기공시 | H50: 코엔텍 | I50: Y | K50: 20240812000832 | L50: https://dart.fss.or.kr/dsaf001/main.do?rcpNo=20240812000832
A51: 50 | B51: 45428 | C51: 2024 | D51: 코엔텍 | E51: 분기보고서 (2024.03) | G51: 정기공시 | H51: 코엔텍 | I51: Y | K51: 20240516000282 | L51: https://dart.fss.or.kr/dsaf001/main.do?rcpNo=20240516000282
A52: 51 | B52: 45378 | C52: 2024 | D52: 코엔텍 | E52: 독립이사의선임ㆍ해임또는중도퇴임에관한신고 | G52: 거래소공시(수시공시) | H52: 코엔텍 | I52: Y | K52: 20240327000281 | L52: https://dart.fss.or.kr/dsaf001/main.do?rcpNo=20240327000281
A53: 52 | B53: 45377 | C53: 2024 | D53: 코엔텍 | E53: 정기주주총회결과 | G53: 거래소공시(시장본부) | H53: 코엔텍 | I53: Y | J53: 본 공시사항은 한국거래소 코스닥시장본부 소관임 | K53: 20240326901487 | L53: https://dart.fss.or.kr/dsaf001/main.do?rcpNo=20240326901487
A54: 53 | B54: 45369 | C54: 2024 | D54: 코엔텍 | E54: 감사보고서제출 | G54: 외부감사관련 | H54: 코엔텍 | I54: Y | J54: 본 공시사항은 한국거래소 코스닥시장본부 소관임 | K54: 20240318901249 | L54: https://dart.fss.or.kr/dsaf001/main.do?rcpNo=20240318901249
A55: 54 | B55: 45369 | C55: 2024 | D55: 코엔텍 | E55: 사업보고서 (2023.12) | G55: 정기공시 | H55: 코엔텍 | I55: Y | K55: 20240318000930 | L55: https://dart.fss.or.kr/dsaf001/main.do?rcpNo=20240318000930
A56: 55 | B56: 45362 | C56: 2024 | D56: 코엔텍 | E56: 의결권대리행사권유참고서류 | G56: 지분공시 | H56: 코엔텍 | I56: Y | K56: 20240311000252 | L56: https://dart.fss.or.kr/dsaf001/main.do?rcpNo=20240311000252
A57: 56 | B57: 45362 | C57: 2024 | D57: 코엔텍 | E57: 주주총회소집공고 | G57: 거래소공시(수시공시) | H57: 코엔텍 | I57: Y | K57: 20240311000248 | L57: https://dart.fss.or.kr/dsaf001/main.do?rcpNo=20240311000248
A58: 57 | B58: 45342 | C58: 2024 | D58: 코엔텍 | E58: 현금ㆍ현물배당결정 | G58: 거래소공시(시장본부) | H58: 코엔텍 | I58: Y | J58: 본 공시사항은 한국거래소 코스닥시장본부 소관임 | K58: 20240220900280 | L58: https://dart.fss.or.kr/dsaf001/main.do?rcpNo=20240220900280
A59: 58 | B59: 45342 | C59: 2024 | D59: 코엔텍 | E59: 주주총회소집결의 | G59: 거래소공시(시장본부) | H59: 코엔텍 | I59: Y | J59: 본 공시사항은 한국거래소 코스닥시장본부 소관임 | K59: 20240220900277 | L59: https://dart.fss.or.kr/dsaf001/main.do?rcpNo=20240220900277
A60: 59 | B60: 45274 | C60: 2023 | D60: 코엔텍 | E60: 주주명부폐쇄기간또는기준일설정 | G60: 거래소공시(시장본부) | H60: 코엔텍 | I60: Y | J60: 본 공시사항은 한국거래소 코스닥시장본부 소관임 | K60: 20231214900366 | L60: https://dart.fss.or.kr/dsaf001/main.do?rcpNo=20231214900366
A61: 60 | B61: 45244 | C61: 2023 | D61: 코엔텍 | E61: 분기보고서 (2023.09) | G61: 정기공시 | H61: 코엔텍 | I61: Y | K61: 20231114001203 | L61: https://dart.fss.or.kr/dsaf001/main.do?rcpNo=20231114001203
A62: 61 | B62: 45149 | C62: 2023 | D62: 코엔텍 | E62: 반기보고서 (2023.06) | G62: 정기공시 | H62: 코엔텍 | I62: Y | K62: 20230811001181 | L62: https://dart.fss.or.kr/dsaf001/main.do?rcpNo=20230811001181
A63: 62 | B63: 45061 | C63: 2023 | D63: 코엔텍 | E63: 분기보고서 (2023.03) | G63: 정기공시 | H63: 코엔텍 | I63: Y | K63: 20230515000376 | L63: https://dart.fss.or.kr/dsaf001/main.do?rcpNo=20230515000376
A64: 63 | B64: 45021 | C64: 2023 | D64: 코엔텍 | E64: [기재정정] 현금ㆍ현물배당결정 | F64: 기재정정 | G64: 거래소공시(시장본부) | H64: 코엔텍 | I64: Y | J64: 본 공시사항은 한국거래소 코스닥시장본부 소관임 | K64: 20230405900232 | L64: https://dart.fss.or.kr/dsaf001/main.do?rcpNo=20230405900232
A65: 64 | B65: 45013 | C65: 2023 | D65: 코엔텍 | E65: 정기주주총회결과 | G65: 거래소공시(시장본부) | H65: 코엔텍 | I65: Y | J65: 본 공시사항은 한국거래소 코스닥시장본부 소관임 | K65: 20230328900771 | L65: https://dart.fss.or.kr/dsaf001/main.do?rcpNo=20230328900771
A66: 65 | B66: 45005 | C66: 2023 | D66: 코엔텍 | E66: [첨부정정] 감사보고서제출 | F66: 첨부정정 | G66: 외부감사관련 | H66: 코엔텍 | I66: Y | J66: 본 공시사항은 한국거래소 코스닥시장본부 소관임 | K66: 20230320901126 | L66: https://dart.fss.or.kr/dsaf001/main.do?rcpNo=20230320901126
A67: 66 | B67: 45005 | C67: 2023 | D67: 코엔텍 | E67: 감사보고서제출 | G67: 외부감사관련 | H67: 코엔텍 | I67: N | J67: 본 공시사항은 한국거래소 코스닥시장본부 소관임 | K67: 20230320900336 | L67: https://dart.fss.or.kr/dsaf001/main.do?rcpNo=20230320900336
A68: 67 | B68: 45005 | C68: 2023 | D68: 코엔텍 | E68: [기재정정] 사업보고서 (2022.12) | F68: 기재정정 | G68: 정기공시 | H68: 코엔텍 | I68: Y | K68: 20230320001036 | L68: https://dart.fss.or.kr/dsaf001/main.do?rcpNo=20230320001036
A69: 68 | B69: 45005 | C69: 2023 | D69: 코엔텍 | E69: 사업보고서 (2022.12) | G69: 정기공시 | H69: 코엔텍 | I69: N | J69: 본 보고서 제출 후 정정신고가 있으니 관련 보고서를 참조하시기 바람 | K69: 20230320000970 | L69: https://dart.fss.or.kr/dsaf001/main.do?rcpNo=20230320000970
A70: 69 | B70: 44999 | C70: 2023 | D70: 코엔텍 | E70: [첨부정정] 의결권대리행사권유참고서류 | F70: 첨부정정 | G70: 지분공시 | H70: 코엔텍 | I70: Y | K70: 20230314000515 | L70: https://dart.fss.or.kr/dsaf001/main.do?rcpNo=20230314000515
A71: 70 | B71: 44998 | C71: 2023 | D71: 코엔텍 | E71: 의결권대리행사권유참고서류 | G71: 지분공시 | H71: 코엔텍 | I71: N | J71: 본 보고서 제출 후 정정신고가 있으니 관련 보고서를 참조하시기 바람 | K71: 20230313000514 | L71: https://dart.fss.or.kr/dsaf001/main.do?rcpNo=20230313000514
A72: 71 | B72: 44998 | C72: 2023 | D72: 코엔텍 | E72: 주주총회소집공고 | G72: 거래소공시(수시공시) | H72: 코엔텍 | I72: Y | K72: 20230313000503 | L72: https://dart.fss.or.kr/dsaf001/main.do?rcpNo=20230313000503
A73: 72 | B73: 44979 | C73: 2023 | D73: 코엔텍 | E73: 주주총회소집결의 | G73: 거래소공시(시장본부) | H73: 코엔텍 | I73: Y | J73: 본 공시사항은 한국거래소 코스닥시장본부 소관임 | K73: 20230222900817 | L73: https://dart.fss.or.kr/dsaf001/main.do?rcpNo=20230222900817
A74: 73 | B74: 44979 | C74: 2023 | D74: 코엔텍 | E74: 매출액또는손익구조30%(대규모법인은15%)이상변동 | G74: 거래소공시(시장본부) | H74: 코엔텍 | I74: Y | J74: 본 공시사항은 한국거래소 코스닥시장본부 소관임 | K74: 20230222900718 | L74: https://dart.fss.or.kr/dsaf001/main.do?rcpNo=20230222900718
A75: 74 | B75: 44979 | C75: 2023 | D75: 코엔텍 | E75: 현금ㆍ현물배당결정 | G75: 거래소공시(시장본부) | H75: 코엔텍 | I75: N | J75: 본 공시사항은 한국거래소 코스닥시장본부 소관임 | K75: 20230222900710 | L75: https://dart.fss.or.kr/dsaf001/main.do?rcpNo=20230222900710
A76: 75 | B76: 44911 | C76: 2022 | D76: 코엔텍 | E76: 주주명부폐쇄기간또는기준일설정 | G76: 거래소공시(시장본부) | H76: 코엔텍 | I76: Y | J76: 본 공시사항은 한국거래소 코스닥시장본부 소관임 | K76: 20221216900176 | L76: https://dart.fss.or.kr/dsaf001/main.do?rcpNo=20221216900176
A77: 76 | B77: 44911 | C77: 2022 | D77: 코엔텍 | E77: 신탁계약해지결과보고서 | G77: 거래소공시(수시공시) | H77: 코엔텍 | I77: Y | K77: 20221216000338 | L77: https://dart.fss.or.kr/dsaf001/main.do?rcpNo=20221216000338
A78: 77 | B78: 44911 | C78: 2022 | D78: 코엔텍 | E78: 주요사항보고서(자기주식취득신탁계약해지결정) | G78: 주요사항보고서 | H78: 코엔텍 | I78: Y | K78: 20221216000296 | L78: https://dart.fss.or.kr/dsaf001/main.do?rcpNo=20221216000296
A79: 78 | B79: 44879 | C79: 2022 | D79: 코엔텍 | E79: 분기보고서 (2022.09) | G79: 정기공시 | H79: 코엔텍 | I79: Y | K79: 20221114000203 | L79: https://dart.fss.or.kr/dsaf001/main.do?rcpNo=20221114000203
A80: 79 | B80: 44865 | C80: 2022 | D80: 코엔텍 | E80: 신규시설투자등 | G80: 거래소공시(시장본부) | H80: 코엔텍 | I80: Y | J80: 본 공시사항은 한국거래소 코스닥시장본부 소관임 | K80: 20221031900282 | L80: https://dart.fss.or.kr/dsaf001/main.do?rcpNo=20221031900282
A81: 80 | B81: 44823 | C81: 2022 | D81: 코엔텍 | E81: 신탁계약에의한취득상황보고서 | G81: 거래소공시(수시공시) | H81: 코엔텍 | I81: Y | K81: 20220919000054 | L81: https://dart.fss.or.kr/dsaf001/main.do?rcpNo=20220919000054
A82: 81 | B82: 44785 | C82: 2022 | D82: 코엔텍 | E82: 반기보고서 (2022.06) | G82: 정기공시 | H82: 코엔텍 | I82: Y | K82: 20220812000390 | L82: https://dart.fss.or.kr/dsaf001/main.do?rcpNo=20220812000390
A83: 82 | B83: 44728 | C83: 2022 | D83: 코엔텍 | E83: 주요사항보고서(자기주식취득신탁계약체결결정) | G83: 주요사항보고서 | H83: 코엔텍 | I83: Y | K83: 20220616000031 | L83: https://dart.fss.or.kr/dsaf001/main.do?rcpNo=20220616000031
A84: 83 | B84: 44694 | C84: 2022 | D84: 코엔텍 | E84: 분기보고서 (2022.03) | G84: 정기공시 | H84: 코엔텍 | I84: Y | K84: 20220513001091 | L84: https://dart.fss.or.kr/dsaf001/main.do?rcpNo=20220513001091
A85: 84 | B85: 44657 | C85: 2022 | D85: 코엔텍 | E85: [기재정정] 현금ㆍ현물배당결정 | F85: 기재정정 | G85: 거래소공시(시장본부) | H85: 코엔텍 | I85: Y | J85: 본 공시사항은 한국거래소 코스닥시장본부 소관임 | K85: 20220406900515 | L85: https://dart.fss.or.kr/dsaf001/main.do?rcpNo=20220406900515
A86: 85 | B86: 44649 | C86: 2022 | D86: 코엔텍 | E86: 정기주주총회결과 | G86: 거래소공시(시장본부) | H86: 코엔텍 | I86: Y | J86: 본 공시사항은 한국거래소 코스닥시장본부 소관임 | K86: 20220329902219 | L86: https://dart.fss.or.kr/dsaf001/main.do?rcpNo=20220329902219
A87: 86 | B87: 44638 | C87: 2022 | D87: 코엔텍 | E87: 감사보고서제출 | G87: 외부감사관련 | H87: 코엔텍 | I87: Y | J87: 본 공시사항은 한국거래소 코스닥시장본부 소관임 | K87: 20220318901510 | L87: https://dart.fss.or.kr/dsaf001/main.do?rcpNo=20220318901510
A88: 87 | B88: 44638 | C88: 2022 | D88: 코엔텍 | E88: 사업보고서 (2021.12) | G88: 정기공시 | H88: 코엔텍 | I88: Y | K88: 20220318001127 | L88: https://dart.fss.or.kr/dsaf001/main.do?rcpNo=20220318001127
A89: 88 | B89: 44634 | C89: 2022 | D89: 코엔텍 | E89: 의결권대리행사권유참고서류 | G89: 지분공시 | H89: 코엔텍 | I89: Y | K89: 20220314000609 | L89: https://dart.fss.or.kr/dsaf001/main.do?rcpNo=20220314000609
A90: 89 | B90: 44634 | C90: 2022 | D90: 코엔텍 | E90: 주주총회소집공고 | G90: 거래소공시(수시공시) | H90: 코엔텍 | I90: Y | K90: 20220314000224 | L90: https://dart.fss.or.kr/dsaf001/main.do?rcpNo=20220314000224
A91: 90 | B91: 44622 | C91: 2022 | D91: 코엔텍 | E91: [기재정정] 신규시설투자등 | F91: 기재정정 | G91: 거래소공시(시장본부) | H91: 코엔텍 | I91: Y | J91: 본 공시사항은 한국거래소 코스닥시장본부 소관임 | K91: 20220302900599 | L91: https://dart.fss.or.kr/dsaf001/main.do?rcpNo=20220302900599
A92: 91 | B92: 44615 | C92: 2022 | D92: 코엔텍 | E92: 현금ㆍ현물배당결정 | G92: 거래소공시(시장본부) | H92: 코엔텍 | I92: N | J92: 본 공시사항은 한국거래소 코스닥시장본부 소관임 | K92: 20220223900608 | L92: https://dart.fss.or.kr/dsaf001/main.do?rcpNo=20220223900608
A93: 92 | B93: 44615 | C93: 2022 | D93: 코엔텍 | E93: 주주총회소집결의 | G93: 거래소공시(시장본부) | H93: 코엔텍 | I93: Y | J93: 본 공시사항은 한국거래소 코스닥시장본부 소관임 | K93: 20220223900601 | L93: https://dart.fss.or.kr/dsaf001/main.do?rcpNo=20220223900601
A94: 93 | B94: 44546 | C94: 2021 | D94: 코엔텍 | E94: 주주명부폐쇄기간또는기준일설정 | G94: 거래소공시(시장본부) | H94: 코엔텍 | I94: Y | J94: 본 공시사항은 한국거래소 코스닥시장본부 소관임 | K94: 20211216900323 | L94: https://dart.fss.or.kr/dsaf001/main.do?rcpNo=20211216900323
A95: 94 | B95: 44515 | C95: 2021 | D95: 코엔텍 | E95: 분기보고서 (2021.09) | G95: 정기공시 | H95: 코엔텍 | I95: Y | K95: 20211115000873 | L95: https://dart.fss.or.kr/dsaf001/main.do?rcpNo=20211115000873
A96: 95 | B96: 44421 | C96: 2021 | D96: 코엔텍 | E96: 반기보고서 (2021.06) | G96: 정기공시 | H96: 코엔텍 | I96: Y | K96: 20210813001256 | L96: https://dart.fss.or.kr/dsaf001/main.do?rcpNo=20210813001256
A97: 96 | B97: 44330 | C97: 2021 | D97: 코엔텍 | E97: 분기보고서 (2021.03) | G97: 정기공시 | H97: 코엔텍 | I97: Y | K97: 20210514001159 | L97: https://dart.fss.or.kr/dsaf001/main.do?rcpNo=20210514001159
A98: 97 | B98: 44305 | C98: 2021 | D98: 코엔텍 | E98: [기재정정] 사업보고서 (2020.12) | F98: 기재정정 | G98: 정기공시 | H98: 코엔텍 | I98: Y | K98: 20210419000424 | L98: https://dart.fss.or.kr/dsaf001/main.do?rcpNo=20210419000424
A99: 98 | B99: 44280 | C99: 2021 | D99: 코엔텍 | E99: 정기주주총회결과 | G99: 거래소공시(시장본부) | H99: 코엔텍 | I99: Y | J99: 본 공시사항은 한국거래소 코스닥시장본부 소관임 | K99: 20210325901141 | L99: https://dart.fss.or.kr/dsaf001/main.do?rcpNo=20210325901141
A100: 99 | B100: 44280 | C100: 2021 | D100: 코엔텍 | E100: 독립이사의선임ㆍ해임또는중도퇴임에관한신고 | G100: 거래소공시(수시공시) | H100: 코엔텍 | I100: Y | K100: 20210325000664 | L100: https://dart.fss.or.kr/dsaf001/main.do?rcpNo=20210325000664
...

Sheet 요약
A1: 코엔텍 DART 공시 요약
A3: 대상 회사 | B3: 코엔텍 (DART 고유번호 00197476 / 00331858)
A4: 검색 기준 | B4: DART 공시통합검색 > 회사명 '코엔텍' (전체 기간)
A5: 공시 기간 | B5: 2000.04.12 ~ 2026.03.30
A6: 전체 건수 | B6: 528
A7: 최종본 건수 | B7: 455
A8: 정정 전 원본(대체됨) | B8: 73
A9: 수집일 | B9: 2026-08-20
A10: 출처 | B10: https://dart.fss.or.kr/dsab007/main.do
A12: 공시유형별 건수
A13: 공시유형 | B13: 전체 | C13: 최종본
A14: 거래소공시(수시공시) | B14: =COUNTIF(전체공시!$G$2:$G$529,$A14) -> 56 | C14: =COUNTIFS(전체공시!$G$2:$G$529,$A14,전체공시!$I$2:$I$529,"Y") -> 51
A15: 거래소공시(시장본부) | B15: =COUNTIF(전체공시!$G$2:$G$529,$A15) -> 193 | C15: =COUNTIFS(전체공시!$G$2:$G$529,$A15,전체공시!$I$2:$I$529,"Y") -> 173
A16: 공정위공시 | B16: =COUNTIF(전체공시!$G$2:$G$529,$A16) -> 1 | C16: =COUNTIFS(전체공시!$G$2:$G$529,$A16,전체공시!$I$2:$I$529,"Y") -> 1
A17: 기타공시 | B17: =COUNTIF(전체공시!$G$2:$G$529,$A17) -> 31 | C17: =COUNTIFS(전체공시!$G$2:$G$529,$A17,전체공시!$I$2:$I$529,"Y") -> 22
A18: 발행공시 | B18: =COUNTIF(전체공시!$G$2:$G$529,$A18) -> 15 | C18: =COUNTIFS(전체공시!$G$2:$G$529,$A18,전체공시!$I$2:$I$529,"Y") -> 12
A19: 외부감사관련 | B19: =COUNTIF(전체공시!$G$2:$G$529,$A19) -> 34 | C19: =COUNTIFS(전체공시!$G$2:$G$529,$A19,전체공시!$I$2:$I$529,"Y") -> 32
A20: 정기공시 | B20: =COUNTIF(전체공시!$G$2:$G$529,$A20) -> 107 | C20: =COUNTIFS(전체공시!$G$2:$G$529,$A20,전체공시!$I$2:$I$529,"Y") -> 87
A21: 주요사항보고서 | B21: =COUNTIF(전체공시!$G$2:$G$529,$A21) -> 4 | C21: =COUNTIFS(전체공시!$G$2:$G$529,$A21,전체공시!$I$2:$I$529,"Y") -> 4
A22: 지분공시 | B22: =COUNTIF(전체공시!$G$2:$G$529,$A22) -> 87 | C22: =COUNTIFS(전체공시!$G$2:$G$529,$A22,전체공시!$I$2:$I$529,"Y") -> 73
A23: 합계 | B23: =SUM(B14:B22) -> 528 | C23: =SUM(C14:C22) -> 455
A26: 연도별 건수
A27: 연도 | B27: 전체 | C27: 최종본
A28: 2026 | B28: =COUNTIF(전체공시!$C$2:$C$529,$A28) -> 1 | C28: =COUNTIFS(전체공시!$C$2:$C$529,$A28,전체공시!$I$2:$I$529,"Y") -> 1
A29: 2025 | B29: =COUNTIF(전체공시!$C$2:$C$529,$A29) -> 37 | C29: =COUNTIFS(전체공시!$C$2:$C$529,$A29,전체공시!$I$2:$I$529,"Y") -> 31
A30: 2024 | B30: =COUNTIF(전체공시!$C$2:$C$529,$A30) -> 20 | C30: =COUNTIFS(전체공시!$C$2:$C$529,$A30,전체공시!$I$2:$I$529,"Y") -> 20
A31: 2023 | B31: =COUNTIF(전체공시!$C$2:$C$529,$A31) -> 16 | C31: =COUNTIFS(전체공시!$C$2:$C$529,$A31,전체공시!$I$2:$I$529,"Y") -> 12
A32: 2022 | B32: =COUNTIF(전체공시!$C$2:$C$529,$A32) -> 18 | C32: =COUNTIFS(전체공시!$C$2:$C$529,$A32,전체공시!$I$2:$I$529,"Y") -> 17
A33: 2021 | B33: =COUNTIF(전체공시!$C$2:$C$529,$A33) -> 12 | C33: =COUNTIFS(전체공시!$C$2:$C$529,$A33,전체공시!$I$2:$I$529,"Y") -> 11
A34: 2020 | B34: =COUNTIF(전체공시!$C$2:$C$529,$A34) -> 38 | C34: =COUNTIFS(전체공시!$C$2:$C$529,$A34,전체공시!$I$2:$I$529,"Y") -> 33
A35: 2019 | B35: =COUNTIF(전체공시!$C$2:$C$529,$A35) -> 40 | C35: =COUNTIFS(전체공시!$C$2:$C$529,$A35,전체공시!$I$2:$I$529,"Y") -> 31
A36: 2018 | B36: =COUNTIF(전체공시!$C$2:$C$529,$A36) -> 13 | C36: =COUNTIFS(전체공시!$C$2:$C$529,$A36,전체공시!$I$2:$I$529,"Y") -> 13
A37: 2017 | B37: =COUNTIF(전체공시!$C$2:$C$529,$A37) -> 47 | C37: =COUNTIFS(전체공시!$C$2:$C$529,$A37,전체공시!$I$2:$I$529,"Y") -> 39
A38: 2016 | B38: =COUNTIF(전체공시!$C$2:$C$529,$A38) -> 26 | C38: =COUNTIFS(전체공시!$C$2:$C$529,$A38,전체공시!$I$2:$I$529,"Y") -> 20
A39: 2015 | B39: =COUNTIF(전체공시!$C$2:$C$529,$A39) -> 15 | C39: =COUNTIFS(전체공시!$C$2:$C$529,$A39,전체공시!$I$2:$I$529,"Y") -> 15
... A54: 2000 | B54: =COUNTIF(전체공시!$C$2:$C$529,$A54) -> 1 | C54: =COUNTIFS(전체공시!$C$2:$C$529,$A54,전체공시!$I$2:$I$529,"Y") -> 1
A55: 합계 | B55: =SUM(B28:B54) -> 528 | C55: =SUM(C28:C54) -> 455
A57: ※ '최종본=N' 행은 이후 정정공시로 대체된 원본 보고서입니다 (전체공시 시트에서 회색 음영).
A58: ※ '공시유형'은 보고서명·제출인 기준으로 자동 분류한 값이며 DART 공식 분류가 아닙니다.
A59: ※ DART 검색은 1회 조회기간 10년 제한이 있어 4개 구간(1999~2006/2007~2014/2015~2022.6/2022.7~2026.8)으로 나누어 수집·중복제거했습니다.
